=== nightly build started 2026-08-16T06:55:00+00:00 ===
--- refreshing universe ---

[36m==================================================================
== 1. fetching every NSE instrument
==================================================================[0m
  [32mok  [0m 114,870 instruments in the dump

  everything Kite tags segment=NSE instrument_type=EQ,
  broken down by SERIES (the suffix after the hyphen):

    SG                     4298   [33mdropped (debt/other)[0m
    EQ (no suffix)         2977   [32mKEPT[0m
    N0                      977   [33mdropped (debt/other)[0m
    SM                      439   [32mKEPT[0m
    BE                      230   [32mKEPT[0m
    GS                      130   [33mdropped (debt/other)[0m
    ST                      120   [32mKEPT[0m
    N1                      107   [33mdropped (debt/other)[0m
    TB                       84   [33mdropped (debt/other)[0m
    SF                       50   [33mdropped (debt/other)[0m
    GB                       45   [33mdropped (debt/other)[0m
    BZ                       38   [32mKEPT[0m
    N2                       37   [33mdropped (debt/other)[0m
    N3                       29   [33mdropped (debt/other)[0m

  [1m3,466 equities kept, 6,257 dropped[0m

  KSHINTL present: [1mTrue[0m
  sample: 20MICRONS, 21STCENMGM, 360ONE, 3BBLACKBIO, 3IINFOLTD, 3MINDIA, 3PLAND, 5PAISA, 63MOONS, A2ZINFRA ...

[36m==================================================================
== 2. how much is currently invisible
==================================================================[0m
  5 index list(s) consulted (excluding 'NSE All Equity' itself)
  scannable today      752
  [1mnewly scannable      2,716[0m

  a few that were invisible: 20MICRONS, 21STCENMGM, 3BBLACKBIO, 3IINFOLTD, 3PLAND, 5PAISA, 63MOONS, A2ZINFRA, AAATECH, AAKAAR, AAKASH, AARADHYA ...

  [33m2 symbol(s) are in your NIFTY indices but NOT in the equity dump:[0m
    DUMMYINXGN, DUMMYTRVN
  [32madded them — the universe is now a strict superset of the tradeable names you scan today[0m

[36m==================================================================
== 3. output
==================================================================[0m
  /opt/breakoutscanner/nse_all_equity.txt
  [32mok  [0m wrote 3,468 symbols (28,729 bytes)
  [32mok  [0m re-read cleanly; KSHINTL is in the list

[36m==================================================================
== next
==================================================================[0m
  Try a slice first — 2,000 symbols on a 512 MB box is a real risk:

    sudo -u breakout /opt/breakoutscanner/.venv/bin/python \
      /opt/breakoutscanner/build_snapshot.py \
      --symbols-file /opt/breakoutscanner/nse_all_equity.txt --limit 300

  If that completes, drop --limit for the full run. Watch it the first
  time. [33mAn OOM kill stops it mid-build, and a truncated snapshot is the
  silent-wrong failure we have spent this session removing.[0m

  Then confirm the stock that started this:

    sudo -u breakout /opt/breakoutscanner/.venv/bin/python \
      /opt/breakoutscanner/diagnose_symbol.py KSHINTL
universe: 3468 symbols
--- prefetching price cache ---
$AARADHYA.NS: possibly delisted; no timezone found
$ADISOFT.NS: possibly delisted; no timezone found
$ADDIND.NS: possibly delisted; no timezone found
$AERON.NS: possibly delisted; no timezone found
$ACGL.NS: possibly delisted; no timezone found
$ADDICTIVE.NS: possibly delisted; no timezone found
$ACETEC.NS: possibly delisted; no timezone found
$AESTHETIK.NS: possibly delisted; no timezone found
$AAKAAR.NS: possibly delisted; no timezone found
$ABHAPOWER.NS: possibly delisted; no timezone found
$ADVIKCA.NS: possibly delisted; no timezone found
$ACCPL.NS: possibly delisted; no timezone found
$ACTIVEINFR.NS: possibly delisted; no timezone found

13 Failed downloads:
['AARADHYA.NS', 'ADISOFT.NS', 'ADDIND.NS', 'AERON.NS', 'ACGL.NS', 'ADDICTIVE.NS', 'ACETEC.NS', 'AESTHETIK.NS', 'AAKAAR.NS', 'ABHAPOWER.NS', 'ADVIKCA.NS', 'ACCPL.NS', 'ACTIVEINFR.NS']: possibly delisted; no timezone found
  [33mwarn[0m --app points at the ORIGINAL app, not the lab.
  [33mwarn[0m That is allowed but not the default. Ctrl-C now if unintended.

[36m==================================================================
== 1. wiring  (/opt/breakoutscanner)
==================================================================[0m
  [32mok  [0m yfinance 1.5.2, pandas 2.3.3
  [32mok  [0m cache dir /opt/breakoutscanner/data_cache/prices_daily
  [32mok  [0m yahoo_ticker and _normalize_ohlcv available
  [32mok  [0m 3,468 symbols from nse_all_equity.txt

  window     2020-01-21 -> 2026-08-17  (2400 calendar days)
  batches    35 x 100
  [1mvs the current path: 3,468 serialised requests[0m

[36m==================================================================
== 2. fetching
==================================================================[0m
  100/3468     17s  eta  577s
$AGARWALTUF.NS: possibly delisted; no timezone found
$AMBAAUTO.NS: possibly delisted; no timezone found
$AMCL.NS: possibly delisted; no timezone found
$AKANKSHA.NS: possibly delisted; no timezone found
$ANDREWYU.NS: possibly delisted; no timezone found
$ANAWIL.NS: possibly delisted; no timezone found
$AMBANIORGO.NS: possibly delisted; no timezone found
$ALCODIS.NS: possibly delisted; no timezone found
$AMARJOTHI.NS: possibly delisted; no price data found  (1d 2020-01-21 -> 2026-08-17)
$ANSALBU.NS: possibly delisted; no timezone found
$ALFREDHE.NS: possibly delisted; no timezone found
$ANONDITA.NS: possibly delisted; no timezone found
$ALUFLUOR.NS: possibly delisted; no timezone found
$AMAL.NS: possibly delisted; no timezone found

14 Failed downloads:
['AGARWALTUF.NS', 'AMBAAUTO.NS', 'AMCL.NS', 'AKANKSHA.NS', 'ANDREWYU.NS', 'ANAWIL.NS', 'AMBANIORGO.NS', 'ALCODIS.NS', 'ANSALBU.NS', 'ALFREDHE.NS', 'ANONDITA.NS', 'ALUFLUOR.NS', 'AMAL.NS']: possibly delisted; no timezone found
['AMARJOTHI.NS']: possibly delisted; no price data found  (1d 2020-01-21 -> 2026-08-17)
  200/3468     35s  eta  567s
$APSISAERO.NS: possibly delisted; no timezone found
$ARCIIL.NS: possibly delisted; no timezone found
$ARMOUR.NS: possibly delisted; no timezone found
$ARVINDPORT.NS: possibly delisted; no timezone found
$ASHALOG.NS: possibly delisted; no timezone found
$ARCL.NS: possibly delisted; no timezone found
$ATCENERGY.NS: possibly delisted; no timezone found
$APEXECO.NS: possibly delisted; no timezone found
$ASSAMENT.NS: possibly delisted; no timezone found
$APRAMEYA.NS: possibly delisted; no timezone found
$ARHAM.NS: possibly delisted; no timezone found
$ASHWINI.NS: possibly delisted; no timezone found
$ARYAMAN.NS: possibly delisted; no timezone found
$ARUNAYA.NS: possibly delisted; no timezone found
$ANYA.NS: possibly delisted; no timezone found
$ASIANTNE.NS: possibly delisted; no timezone found
$APOORVA.NS: possibly delisted; no timezone found

17 Failed downloads:
['APSISAERO.NS', 'ARCIIL.NS', 'ARMOUR.NS', 'ARVINDPORT.NS', 'ASHALOG.NS', 'ARCL.NS', 'ATCENERGY.NS', 'APEXECO.NS', 'ASSAMENT.NS', 'APRAMEYA.NS', 'ARHAM.NS', 'ASHWINI.NS', 'ARYAMAN.NS', 'ARUNAYA.NS', 'ANYA.NS', 'ASIANTNE.NS', 'APOORVA.NS']: possibly delisted; no timezone found
  300/3468     53s  eta  560s
$AVIANSH.NS: possibly delisted; no timezone found
$AZADIND.NS: possibly delisted; no timezone found
$AVANA.NS: possibly delisted; no timezone found
$BAGDIGITAL.NS: possibly delisted; no timezone found
$AVANCE.NS: possibly delisted; no timezone found
$BALAJIPHOS.NS: possibly delisted; no timezone found
$AVATAR.NS: possibly delisted; no timezone found
$AVIENCE.NS: possibly delisted; no timezone found
$BARFLEX.NS: possibly delisted; no timezone found
$AXTEL.NS: possibly delisted; no timezone found
$AUSTENG.NS: possibly delisted; no timezone found
$AUSL.NS: possibly delisted; no timezone found
$BALCO.NS: possibly delisted; no timezone found

13 Failed downloads:
['AVIANSH.NS', 'AZADIND.NS', 'AVANA.NS', 'BAGDIGITAL.NS', 'AVANCE.NS', 'BALAJIPHOS.NS', 'AVATAR.NS', 'AVIENCE.NS', 'BARFLEX.NS', 'AXTEL.NS', 'AUSTENG.NS', 'AUSL.NS', 'BALCO.NS']: possibly delisted; no timezone found
  400/3468     70s  eta  540s
$BIKEWO.NS: possibly delisted; no timezone found
$BLUECLOUDS.NS: possibly delisted; no timezone found
$BMLL.NS: possibly delisted; no timezone found
$BLUEWATER.NS: possibly delisted; no timezone found
$BENARAS.NS: possibly delisted; no timezone found
$BIOPOL.NS: possibly delisted; no timezone found
$BHADORA.NS: possibly delisted; no timezone found

7 Failed downloads:
['BIKEWO.NS', 'BLUECLOUDS.NS', 'BMLL.NS', 'BLUEWATER.NS', 'BENARAS.NS', 'BIOPOL.NS', 'BHADORA.NS']: possibly delisted; no timezone found
  500/3468     87s  eta  516s
$CHANDAN.NS: possibly delisted; no timezone found
$BRAHMINFRA.NS: possibly delisted; no timezone found
$C2C.NS: possibly delisted; no timezone found
$BRACEPORT.NS: possibly delisted; no timezone found
$BOSS.NS: possibly delisted; no timezone found
$CFEL.NS: possibly delisted; no timezone found
$CEDAAR.NS: possibly delisted; no timezone found
$CGVAK.NS: possibly delisted; no timezone found
$BRIGHTBR.NS: possibly delisted; no timezone found
$BULKCORP.NS: possibly delisted; no timezone found
$CHEMCRUX.NS: possibly delisted; no timezone found
$CHETANA.NS: possibly delisted; no timezone found
$BPLPHARMA.NS: possibly delisted; no timezone found
$CHAMUNDA.NS: possibly delisted; no timezone found
$BRANDMAN.NS: possibly delisted; no timezone found

15 Failed downloads:
['CHANDAN.NS', 'BRAHMINFRA.NS', 'C2C.NS', 'BRACEPORT.NS', 'BOSS.NS', 'CFEL.NS', 'CEDAAR.NS', 'CGVAK.NS', 'BRIGHTBR.NS', 'BULKCORP.NS', 'CHEMCRUX.NS', 'CHETANA.NS', 'BPLPHARMA.NS', 'CHAMUNDA.NS', 'BRANDMAN.NS']: possibly delisted; no timezone found
  600/3468    104s  eta  497s
$CLAYCRAFT.NS: possibly delisted; no timezone found
$COMPEAU.NS: possibly delisted; no timezone found
$CRAVATEX.NS: possibly delisted; no timezone found
$CUDML.NS: possibly delisted; no timezone found
$CRSL.NS: possibly delisted; no price data found  (1d 2020-01-21 -> 2026-08-17)
$CKKRETAIL.NS: possibly delisted; no timezone found
$CONNPLEX.NS: possibly delisted; no timezone found
$CLASSICEIL.NS: possibly delisted; no timezone found
$CURRENT.NS: possibly delisted; no timezone found
$CSSL.NS: possibly delisted; no timezone found
$CURIS.NS: possibly delisted; no timezone found

11 Failed downloads:
['CLAYCRAFT.NS', 'COMPEAU.NS', 'CRAVATEX.NS', 'CUDML.NS', 'CKKRETAIL.NS', 'CONNPLEX.NS', 'CLASSICEIL.NS', 'CURRENT.NS', 'CSSL.NS', 'CURIS.NS']: possibly delisted; no timezone found
['CRSL.NS']: possibly delisted; no price data found  (1d 2020-01-21 -> 2026-08-17)
  700/3468    121s  eta  479s
$DIRL.NS: possibly delisted; no timezone found
$DIVINEHIRA.NS: possibly delisted; no timezone found
$DCCL.NS: possibly delisted; no timezone found
$DHARARAIL.NS: possibly delisted; no timezone found
$DEEP.NS: possibly delisted; no price data found  (1d 2020-01-21 -> 2026-08-17)
$DHANSA.NS: possibly delisted; no timezone found
$DHOOTTRANS.NS: possibly delisted; no timezone found
$DECCANTRAN.NS: possibly delisted; no timezone found
$DHABRIYA.NS: possibly delisted; no timezone found
$DANISH.NS: possibly delisted; no timezone found
$DHATRE.NS: possibly delisted; no timezone found
$DIVYADHAN.NS: possibly delisted; no timezone found
$DELTIC.NS: possibly delisted; no timezone found
$DHARIWAL.NS: possibly delisted; no timezone found

14 Failed downloads:
['DIRL.NS', 'DIVINEHIRA.NS', 'DCCL.NS', 'DHARARAIL.NS', 'DHANSA.NS', 'DHOOTTRANS.NS', 'DECCANTRAN.NS', 'DHABRIYA.NS', 'DANISH.NS', 'DHATRE.NS', 'DIVYADHAN.NS', 'DELTIC.NS', 'DHARIWAL.NS']: possibly delisted; no timezone found
['DEEP.NS']: possibly delisted; no price data found  (1d 2020-01-21 -> 2026-08-17)
  800/3468    138s  eta  460s
$ELGNZ.NS: possibly delisted; no timezone found
$DUMMYINXGN.NS: possibly delisted; no timezone found
$EASTWEST.NS: possibly delisted; no timezone found
$EMPIND.NS: possibly delisted; no timezone found
$ECOLINE.NS: possibly delisted; no timezone found
$ECORECO.NS: possibly delisted; no timezone found
$E2ERAIL.NS: possibly delisted; no timezone found
$EKI.NS: possibly delisted; no timezone found
$EEPL.NS: possibly delisted; no timezone found
$DRSCARGO.NS: possibly delisted; no timezone found
$EBIX.NS: possibly delisted; no timezone found
$EMAPARTNER.NS: possibly delisted; no timezone found
$DUMMYTRVN.NS: possibly delisted; no timezone found

13 Failed downloads:
['ELGNZ.NS', 'DUMMYINXGN.NS', 'EASTWEST.NS', 'EMPIND.NS', 'ECOLINE.NS', 'ECORECO.NS', 'E2ERAIL.NS', 'EKI.NS', 'EEPL.NS', 'DRSCARGO.NS', 'EBIX.NS', 'EMAPARTNER.NS', 'DUMMYTRVN.NS']: possibly delisted; no timezone found
  900/3468    154s  eta  440s
$EXIMROUTES.NS: possibly delisted; no timezone found
$EPWINDIA.NS: possibly delisted; no timezone found
$EXCELLENT.NS: possibly delisted; no timezone found
$ESPRIT.NS: possibly delisted; no timezone found
$ENVIRO.NS: possibly delisted; no timezone found
$ETML.NS: possibly delisted; no timezone found
$FINBUD.NS: possibly delisted; no timezone found
$ENKEIWHEL.NS: possibly delisted; no timezone found
$FLYSBS.NS: possibly delisted; no timezone found
$ETL.NS: possibly delisted; no timezone found
$FOCE.NS: possibly delisted; no timezone found
$ENCOMPAS.NS: possibly delisted; no timezone found

12 Failed downloads:
['EXIMROUTES.NS', 'EPWINDIA.NS', 'EXCELLENT.NS', 'ESPRIT.NS', 'ENVIRO.NS', 'ETML.NS', 'FINBUD.NS', 'ENKEIWHEL.NS', 'FLYSBS.NS', 'ETL.NS', 'FOCE.NS', 'ENCOMPAS.NS']: possibly delisted; no timezone found
  1000/3468    170s  eta  420s
$FRESHARA.NS: possibly delisted; no timezone found
$GJL.NS: possibly delisted; no timezone found
$GAJANAND.NS: possibly delisted; no timezone found
$FORCAS.NS: possibly delisted; no timezone found
$GENXAI.NS: possibly delisted; no timezone found
$FWSTC.NS: possibly delisted; no timezone found
$GANGABATH.NS: possibly delisted; no timezone found
$GANESHIN.NS: possibly delisted; no timezone found
$GKB.NS: possibly delisted; no price data found  (1d 2020-01-21 -> 2026-08-17)
$FORGEAUTO.NS: possibly delisted; no timezone found
$GCHOTELS.NS: possibly delisted; no timezone found
$FREDUN.NS: possibly delisted; no timezone found
$GML.NS: possibly delisted; no timezone found

13 Failed downloads:
['FRESHARA.NS', 'GJL.NS', 'GAJANAND.NS', 'FORCAS.NS', 'GENXAI.NS', 'FWSTC.NS', 'GANGABATH.NS', 'GANESHIN.NS', 'FORGEAUTO.NS', 'GCHOTELS.NS', 'FREDUN.NS', 'GML.NS']: possibly delisted; no timezone found
['GKB.NS']: possibly delisted; no price data found  (1d 2020-01-21 -> 2026-08-17)
  1100/3468    188s  eta  404s
$GREENLEAF.NS: possibly delisted; no timezone found

1 Failed download:
['GREENLEAF.NS']: possibly delisted; no timezone found
  1200/3468    202s  eta  382s
$HBPOR.NS: possibly delisted; no timezone found
$HINDALUMI.NS: possibly delisted; no timezone found
$HAMPTON.NS: possibly delisted; no timezone found
$HINDADH.NS: possibly delisted; no timezone found
$GURUNANAK.NS: possibly delisted; no timezone found
$HAPPY.NS: possibly delisted; no timezone found
$HAZOOR.NS: possibly delisted; no timezone found

7 Failed downloads:
['HBPOR.NS', 'HINDALUMI.NS', 'HAMPTON.NS', 'HINDADH.NS', 'GURUNANAK.NS', 'HAPPY.NS', 'HAZOOR.NS']: possibly delisted; no timezone found
  1300/3468    218s  eta  364s
$HVAX.NS: possibly delisted; no timezone found
$HPTL.NS: possibly delisted; no timezone found
$HRYNSHP.NS: possibly delisted; no timezone found
$INDOKEM.NS: possibly delisted; no timezone found
$IDEALTECHO.NS: possibly delisted; no timezone found
$ICELCO.NS: possibly delisted; no timezone found
$IDENTICAL.NS: possibly delisted; no timezone found

7 Failed downloads:
['HVAX.NS', 'HPTL.NS', 'HRYNSHP.NS', 'INDOKEM.NS', 'IDEALTECHO.NS', 'ICELCO.NS', 'IDENTICAL.NS']: possibly delisted; no timezone found
  1400/3468    237s  eta  350s
$INFLUX.NS: possibly delisted; no timezone found
$ISTLTD.NS: possibly delisted; no timezone found
$INNOMET.NS: possibly delisted; no timezone found
$INTEGRITY.NS: possibly delisted; no timezone found
$ITL.NS: possibly delisted; no timezone found
$INVICTA.NS: possibly delisted; no timezone found
$JAINIK.NS: possibly delisted; no timezone found
$IWARE.NS: possibly delisted; no timezone found
$IPHL.NS: possibly delisted; no timezone found
$IPRINGLTD.NS: possibly delisted; no price data found  (1d 2020-01-21 -> 2026-08-17)
$ITTL.NS: possibly delisted; no timezone found

11 Failed downloads:
['INFLUX.NS', 'ISTLTD.NS', 'INNOMET.NS', 'INTEGRITY.NS', 'ITL.NS', 'INVICTA.NS', 'JAINIK.NS', 'IWARE.NS', 'IPHL.NS', 'ITTL.NS']: possibly delisted; no timezone found
['IPRINGLTD.NS']: possibly delisted; no price data found  (1d 2020-01-21 -> 2026-08-17)
  1500/3468    253s  eta  333s
$JYOTIGLOBL.NS: possibly delisted; no timezone found
$JYOTIRES.NS: possibly delisted; no timezone found
$JENBURPH.NS: possibly delisted; no timezone found
$JEYYAM.NS: possibly delisted; no timezone found
$KATARIA.NS: possibly delisted; no timezone found
$KAMANWALA.NS: possibly delisted; no timezone found
$JAYBEE.NS: possibly delisted; no timezone found
$KANCOTEA.NS: possibly delisted; no timezone found
$KAYTEX.NS: possibly delisted; no timezone found
$KALANA.NS: possibly delisted; no timezone found
$JAYESH.NS: possibly delisted; no timezone found

11 Failed downloads:
['JYOTIGLOBL.NS', 'JYOTIRES.NS', 'JENBURPH.NS', 'JEYYAM.NS', 'KATARIA.NS', 'KAMANWALA.NS', 'JAYBEE.NS', 'KANCOTEA.NS', 'KAYTEX.NS', 'KALANA.NS', 'JAYESH.NS']: possibly delisted; no timezone found
  1600/3468    272s  eta  317s
$KKJEWELS.NS: possibly delisted; no timezone found
$KJMCFIN.NS: possibly delisted; no timezone found
$KSE.NS: possibly delisted; no price data found  (1d 2020-01-21 -> 2026-08-17)
$KEN.NS: possibly delisted; no timezone found
$KMCSHIL.NS: possibly delisted; no timezone found
$KRMAYURVED.NS: possibly delisted; no timezone found
$LADDERUP.NS: possibly delisted; no timezone found

7 Failed downloads:
['KKJEWELS.NS', 'KJMCFIN.NS', 'KEN.NS', 'KMCSHIL.NS', 'KRMAYURVED.NS', 'LADDERUP.NS']: possibly delisted; no timezone found
['KSE.NS']: possibly delisted; no price data found  (1d 2020-01-21 -> 2026-08-17)
  1700/3468    289s  eta  300s
$LANCER.NS: possibly delisted; no timezone found
$LOTUSCHO.NS: possibly delisted; no timezone found
$LAKSHYA.NS: possibly delisted; no timezone found
$LAMOSAIC.NS: possibly delisted; no timezone found
$LEENEE.NS: possibly delisted; no timezone found
$LAKSHMIMIL.NS: possibly delisted; no timezone found
$MACOBSTECH.NS: possibly delisted; no timezone found
$LKPSEC.NS: possibly delisted; no timezone found

8 Failed downloads:
['LANCER.NS', 'LOTUSCHO.NS', 'LAKSHYA.NS', 'LAMOSAIC.NS', 'LEENEE.NS', 'LAKSHMIMIL.NS', 'MACOBSTECH.NS', 'LKPSEC.NS']: possibly delisted; no timezone found
  1800/3468    310s  eta  287s
$MARUSHIKA.NS: possibly delisted; no timezone found
$MAKERSL.NS: possibly delisted; no timezone found
$MANILAM.NS: possibly delisted; no timezone found
$MEDICAPQ.NS: possibly delisted; no timezone found
$MEDISTEP.NS: possibly delisted; no timezone found
$MANBRO.NS: possibly delisted; no timezone found
$MAXVOLT.NS: possibly delisted; no timezone found
$MAYASHEEL.NS: possibly delisted; no timezone found

8 Failed downloads:
['MARUSHIKA.NS', 'MAKERSL.NS', 'MANILAM.NS', 'MEDICAPQ.NS', 'MEDISTEP.NS', 'MANBRO.NS', 'MAXVOLT.NS', 'MAYASHEEL.NS']: possibly delisted; no timezone found
  1900/3468    328s  eta  270s
$MIIL.NS: possibly delisted; no timezone found
$MMEL.NS: possibly delisted; no timezone found
$MLKFOOD.NS: possibly delisted; no timezone found
$METALIC.NS: possibly delisted; no timezone found
$MGSL.NS: possibly delisted; no timezone found
$MINALIND.NS: possibly delisted; no timezone found
$MIEL.NS: possibly delisted; no timezone found
$MKEXIM.NS: possibly delisted; no timezone found
$MOHITE.NS: possibly delisted; no timezone found
$MOBILISE.NS: possibly delisted; no timezone found
$MOLBIO.NS: possibly delisted; no timezone found

11 Failed downloads:
['MIIL.NS', 'MMEL.NS', 'MLKFOOD.NS', 'METALIC.NS', 'MGSL.NS', 'MINALIND.NS', 'MIEL.NS', 'MKEXIM.NS', 'MOHITE.NS', 'MOBILISE.NS', 'MOLBIO.NS']: possibly delisted; no timezone found
  2000/3468    343s  eta  252s
$MYMUDRA.NS: possibly delisted; no timezone found
$MPEL.NS: possibly delisted; no timezone found
$MRIL.NS: possibly delisted; no timezone found
$MSL.NS: possibly delisted; no price data found  (1d 2020-01-21 -> 2026-08-17)
$MONOLITH.NS: possibly delisted; no timezone found
$MPDL.NS: possibly delisted; no timezone found
$MUNISH.NS: possibly delisted; no timezone found
$MYSORPETRO.NS: possibly delisted; no timezone found
$MUKESHB.NS: possibly delisted; no timezone found
$NAMOEWASTE.NS: possibly delisted; no timezone found

10 Failed downloads:
['MYMUDRA.NS', 'MPEL.NS', 'MRIL.NS', 'MONOLITH.NS', 'MPDL.NS', 'MUNISH.NS', 'MYSORPETRO.NS', 'MUKESHB.NS', 'NAMOEWASTE.NS']: possibly delisted; no timezone found
['MSL.NS']: possibly delisted; no price data found  (1d 2020-01-21 -> 2026-08-17)
  2100/3468    363s  eta  236s
$NRVANDANA.NS: possibly delisted; no timezone found
$NTCIND.NS: possibly delisted; no timezone found
$OBSCP.NS: possibly delisted; no timezone found
$NEPTUNE.NS: possibly delisted; no timezone found
$NEOCHEM.NS: possibly delisted; no timezone found
$NEELAM.NS: possibly delisted; no timezone found
$NICCOPAR.NS: possibly delisted; no timezone found
$NIKITA.NS: possibly delisted; no timezone found
$NMSTEEL.NS: possibly delisted; no timezone found
$NFPSAMPOOR.NS: possibly delisted; no timezone found

10 Failed downloads:
['NRVANDANA.NS', 'NTCIND.NS', 'OBSCP.NS', 'NEPTUNE.NS', 'NEOCHEM.NS', 'NEELAM.NS', 'NICCOPAR.NS', 'NIKITA.NS', 'NMSTEEL.NS', 'NFPSAMPOOR.NS']: possibly delisted; no timezone found
  2200/3468    379s  eta  219s
$ONYX.NS: possibly delisted; no timezone found
$PATILAUTOM.NS: possibly delisted; no timezone found
$PARAMPARA.NS: possibly delisted; no timezone found
$OPTIMYSTIX.NS: possibly delisted; no timezone found
$PARAMOUNT.NS: possibly delisted; no timezone found
$ONEGLOBAL.NS: possibly delisted; no timezone found
$PANCHMAHQ.NS: possibly delisted; no timezone found
$OSELDEVICE.NS: possibly delisted; no timezone found
$ODYCORP.NS: possibly delisted; no timezone found
$PARNAXLAB.NS: possibly delisted; no timezone found
$PBMPOLY.NS: possibly delisted; no timezone found
$PACIFICI.NS: possibly delisted; no timezone found
$ONIXSOLAR.NS: possibly delisted; no timezone found
$OPTIVALUE.NS: possibly delisted; no timezone found
$OPTIFIN.NS: possibly delisted; no timezone found
$PARTH.NS: possibly delisted; no timezone found
$PANORAMA.NS: possibly delisted; no timezone found
$PARAMATRIX.NS: possibly delisted; no timezone found
$ORIRAIL.NS: possibly delisted; no timezone found

19 Failed downloads:
['ONYX.NS', 'PATILAUTOM.NS', 'PARAMPARA.NS', 'OPTIMYSTIX.NS', 'PARAMOUNT.NS', 'ONEGLOBAL.NS', 'PANCHMAHQ.NS', 'OSELDEVICE.NS', 'ODYCORP.NS', 'PARNAXLAB.NS', 'PBMPOLY.NS', 'PACIFICI.NS', 'ONIXSOLAR.NS', 'OPTIVALUE.NS', 'OPTIFIN.NS', 'PARTH.NS', 'PANORAMA.NS', 'PARAMATRIX.NS', 'ORIRAIL.NS']: possibly delisted; no timezone found
  2300/3468    397s  eta  202s
$PELATRO.NS: possibly delisted; no timezone found
$PPSL.NS: possibly delisted; no timezone found
$PREMIUM.NS: possibly delisted; no timezone found
$PRANIK.NS: possibly delisted; no timezone found
$POLYSPIN.NS: possibly delisted; no timezone found
$POSITRON.NS: possibly delisted; no timezone found
$PHOENXINTL.NS: possibly delisted; no timezone found
$PRIMECAB.NS: possibly delisted; no timezone found
$PHOGLOBAL.NS: possibly delisted; no timezone found
$POEL.NS: possibly delisted; no timezone found
$PERMAGN.NS: possibly delisted; no timezone found

11 Failed downloads:
['PELATRO.NS', 'PPSL.NS', 'PREMIUM.NS', 'PRANIK.NS', 'POLYSPIN.NS', 'POSITRON.NS', 'PHOENXINTL.NS', 'PRIMECAB.NS', 'PHOGLOBAL.NS', 'POEL.NS', 'PERMAGN.NS']: possibly delisted; no timezone found
  2400/3468    416s  eta  185s
$QLINE.NS: possibly delisted; no timezone found
$PROPSHOP.NS: possibly delisted; no timezone found
$PSFL.NS: possibly delisted; no timezone found
$RAJINDLTD.NS: possibly delisted; no timezone found
$PRISMX.NS: possibly delisted; no timezone found
$PUSHPA.NS: possibly delisted; no timezone found
$RAPPID.NS: possibly delisted; no timezone found
$QVCEL.NS: possibly delisted; no timezone found
$PSRAJ.NS: possibly delisted; no timezone found
$RAJPUTANA.NS: possibly delisted; no timezone found
$PURPLEUTED.NS: possibly delisted; no timezone found
$RAPIDFLEET.NS: possibly delisted; no timezone found
$PROFX.NS: possibly delisted; no timezone found

13 Failed downloads:
['QLINE.NS', 'PROPSHOP.NS', 'PSFL.NS', 'RAJINDLTD.NS', 'PRISMX.NS', 'PUSHPA.NS', 'RAPPID.NS', 'QVCEL.NS', 'PSRAJ.NS', 'RAJPUTANA.NS', 'PURPLEUTED.NS', 'RAPIDFLEET.NS', 'PROFX.NS']: possibly delisted; no timezone found
  2500/3468    433s  eta  168s
$RNFI.NS: possibly delisted; no timezone found
$REXPRO.NS: possibly delisted; no timezone found
$RNPL.NS: possibly delisted; no timezone found
$RTSPOWR.NS: possibly delisted; no timezone found
$READYMIX.NS: possibly delisted; no timezone found
$ROYALARC.NS: possibly delisted; no timezone found
$RICHA.NS: possibly delisted; no timezone found
$RRECL.NS: possibly delisted; no timezone found
$RTL.NS: possibly delisted; no timezone found
$RFBL.NS: possibly delisted; no timezone found

10 Failed downloads:
['RNFI.NS', 'REXPRO.NS', 'RNPL.NS', 'RTSPOWR.NS', 'READYMIX.NS', 'ROYALARC.NS', 'RICHA.NS', 'RRECL.NS', 'RTL.NS', 'RFBL.NS']: possibly delisted; no timezone found
  2600/3468    450s  eta  150s
$SAHASRA.NS: possibly delisted; no timezone found
$SAMAY.NS: possibly delisted; no timezone found
$SATKARTAR.NS: possibly delisted; no timezone found
$SAYAJIIND.NS: possibly delisted; no timezone found
$SAFEENTP.NS: possibly delisted; no timezone found
$SATTVAENGG.NS: possibly delisted; no timezone found
$SACHEEROME.NS: possibly delisted; no timezone found
$SAWALIYA.NS: possibly delisted; no timezone found
$SAMBANDAM.NS: possibly delisted; no price data found  (1d 2020-01-21 -> 2026-08-17)
$SAJHOTELS.NS: possibly delisted; no timezone found
$SATECH.NS: possibly delisted; no timezone found
$SAICAPI.NS: possibly delisted; no timezone found
$SAVY.NS: possibly delisted; no timezone found
$SAB.NS: possibly delisted; no timezone found

14 Failed downloads:
['SAHASRA.NS', 'SAMAY.NS', 'SATKARTAR.NS', 'SAYAJIIND.NS', 'SAFEENTP.NS', 'SATTVAENGG.NS', 'SACHEEROME.NS', 'SAWALIYA.NS', 'SAJHOTELS.NS', 'SATECH.NS', 'SAICAPI.NS', 'SAVY.NS', 'SAB.NS']: possibly delisted; no timezone found
['SAMBANDAM.NS']: possibly delisted; no price data found  (1d 2020-01-21 -> 2026-08-17)
  2700/3468    466s  eta  132s
$SHRADDHA.NS: possibly delisted; no timezone found
$SHIVAAGRO.NS: possibly delisted; no timezone found
$SGLRES.NS: possibly delisted; no timezone found
$SHIVACEM.NS: possibly delisted; no timezone found
$SHREEDHAR.NS: possibly delisted; no timezone found
$SELLOWRAP.NS: possibly delisted; no timezone found
$SFML.NS: possibly delisted; no timezone found
$SEKURITIND.NS: possibly delisted; no timezone found
$SHIVASHRIT.NS: possibly delisted; no timezone found
$SHETHJI.NS: possibly delisted; no timezone found
$SHERVANI.NS: possibly delisted; no timezone found
$SDREAMS.NS: possibly delisted; no timezone found
$SHKSIL.NS: possibly delisted; no timezone found
$SHEEL.NS: possibly delisted; no timezone found
$SHILGRAVQ.NS: possibly delisted; no timezone found
$SGRL.NS: possibly delisted; no timezone found

16 Failed downloads:
['SHRADDHA.NS', 'SHIVAAGRO.NS', 'SGLRES.NS', 'SHIVACEM.NS', 'SHREEDHAR.NS', 'SELLOWRAP.NS', 'SFML.NS', 'SEKURITIND.NS', 'SHIVASHRIT.NS', 'SHETHJI.NS', 'SHERVANI.NS', 'SDREAMS.NS', 'SHKSIL.NS', 'SHEEL.NS', 'SHILGRAVQ.NS', 'SGRL.NS']: possibly delisted; no timezone found
  2800/3468    483s  eta  115s
$SNEHAA.NS: possibly delisted; no timezone found
$SIEL.NS: possibly delisted; no price data found  (1d 2020-01-21 -> 2026-08-17)
$SHRIKANHA.NS: possibly delisted; no timezone found
$SIDDHICOTS.NS: possibly delisted; no timezone found
$SIMCA.NS: possibly delisted; no timezone found
$SMARTEN.NS: possibly delisted; no timezone found
$SILKY.NS: possibly delisted; no timezone found
$SHRJAGP.NS: possibly delisted; no timezone found
$SHRIAHIMSA.NS: possibly delisted; no timezone found
$SOCL.NS: possibly delisted; no timezone found
$SHUBHSHREE.NS: possibly delisted; no timezone found
$SHYAMDHANI.NS: possibly delisted; no timezone found
$SIMPLXREA.NS: possibly delisted; no timezone found

13 Failed downloads:
['SNEHAA.NS', 'SHRIKANHA.NS', 'SIDDHICOTS.NS', 'SIMCA.NS', 'SMARTEN.NS', 'SILKY.NS', 'SHRJAGP.NS', 'SHRIAHIMSA.NS', 'SOCL.NS', 'SHUBHSHREE.NS', 'SHYAMDHANI.NS', 'SIMPLXREA.NS']: possibly delisted; no timezone found
['SIEL.NS']: possibly delisted; no price data found  (1d 2020-01-21 -> 2026-08-17)
  2900/3468    499s  eta   98s
$STRIDERS.NS: possibly delisted; no timezone found
$SPELS.NS: possibly delisted; no timezone found
$SRIKPRIND.NS: possibly delisted; no timezone found
$SUNSHIEL.NS: possibly delisted; no timezone found
$SPEB.NS: possibly delisted; no timezone found
$SPUNWEB.NS: possibly delisted; no timezone found
$STLSTRINF.NS: possibly delisted; no timezone found
$SUNTECH.NS: possibly delisted; no timezone found
$SSEGL.NS: possibly delisted; no timezone found
$STUDIOLSD.NS: possibly delisted; no timezone found
$SPCON.NS: possibly delisted; no timezone found
$SUNLITE.NS: possibly delisted; no timezone found
$SUNLOC.NS: possibly delisted; no timezone found
$SUBAHOTELS.NS: possibly delisted; no timezone found
$SPPPOLY.NS: possibly delisted; no timezone found
$SUNRAKSHAK.NS: possibly delisted; no timezone found
$SUMEDHA.NS: possibly delisted; no timezone found

17 Failed downloads:
['STRIDERS.NS', 'SPELS.NS', 'SRIKPRIND.NS', 'SUNSHIEL.NS', 'SPEB.NS', 'SPUNWEB.NS', 'STLSTRINF.NS', 'SUNTECH.NS', 'SSEGL.NS', 'STUDIOLSD.NS', 'SPCON.NS', 'SUNLITE.NS', 'SUNLOC.NS', 'SUBAHOTELS.NS', 'SPPPOLY.NS', 'SUNRAKSHAK.NS', 'SUMEDHA.NS']: possibly delisted; no timezone found
  3000/3468    517s  eta   81s
$SWARNSAR.NS: possibly delisted; no timezone found
$TANAA.NS: possibly delisted; no timezone found
$TANKUP.NS: possibly delisted; no timezone found
$TEAMTECH.NS: possibly delisted; no timezone found
$SVGLOBAL.NS: possibly delisted; no timezone found
$TECHD.NS: possibly delisted; no timezone found
$SUPTANERY.NS: possibly delisted; no timezone found
$SWISSMLTRY.NS: possibly delisted; no timezone found
$TECHERA.NS: possibly delisted; no timezone found
$TAURIAN.NS: possibly delisted; no timezone found

10 Failed downloads:
['SWARNSAR.NS', 'TANAA.NS', 'TANKUP.NS', 'TEAMTECH.NS', 'SVGLOBAL.NS', 'TECHD.NS', 'SUPTANERY.NS', 'SWISSMLTRY.NS', 'TECHERA.NS', 'TAURIAN.NS']: possibly delisted; no timezone found
  3100/3468    536s  eta   64s
$TRITONV.NS: possibly delisted; no timezone found
$THESL.NS: possibly delisted; no timezone found
$TEJA.NS: possibly delisted; no timezone found
$TEJASCARGO.NS: possibly delisted; no timezone found
$TGVSL.NS: possibly delisted; no timezone found
$TSC.NS: possibly delisted; no timezone found
$TROM.NS: possibly delisted; no timezone found
$TRANSCOR.NS: possibly delisted; no timezone found
$TOYAMSL.NS: possibly delisted; no timezone found
$TUTIALKA.NS: possibly delisted; no timezone found
$TERAI.NS: possibly delisted; no timezone found

11 Failed downloads:
['TRITONV.NS', 'THESL.NS', 'TEJA.NS', 'TEJASCARGO.NS', 'TGVSL.NS', 'TSC.NS', 'TROM.NS', 'TRANSCOR.NS', 'TOYAMSL.NS', 'TUTIALKA.NS', 'TERAI.NS']: possibly delisted; no timezone found
  3200/3468    555s  eta   46s
$VEDAVAAG.NS: possibly delisted; no timezone found
$UTKAL.NS: possibly delisted; no timezone found
$UTSSAV.NS: possibly delisted; no timezone found
$USHAFIN.NS: possibly delisted; no timezone found
$VALUE360.NS: possibly delisted; no timezone found
$UHTL.NS: possibly delisted; no timezone found
$VASUPRADA.NS: possibly delisted; no timezone found
$VDEAL.NS: possibly delisted; no timezone found
$UNILEX.NS: possibly delisted; no timezone found
$UPHOT.NS: possibly delisted; no timezone found
$VADILENT.NS: possibly delisted; no timezone found
$UDAYJEW.NS: possibly delisted; no timezone found

12 Failed downloads:
['VEDAVAAG.NS', 'UTKAL.NS', 'UTSSAV.NS', 'USHAFIN.NS', 'VALUE360.NS', 'UHTL.NS', 'VASUPRADA.NS', 'VDEAL.NS', 'UNILEX.NS', 'UPHOT.NS', 'VADILENT.NS', 'UDAYJEW.NS']: possibly delisted; no timezone found
  3300/3468    573s  eta   29s
$VICTORYEV.NS: possibly delisted; no timezone found
$VIESL.NS: possibly delisted; no timezone found
$VMOBILE.NS: possibly delisted; no timezone found
$VOLERCAR.NS: possibly delisted; no timezone found
$VLINFRA.NS: possibly delisted; no timezone found
$VIRAT.NS: possibly delisted; no timezone found
$VIGOR.NS: possibly delisted; no timezone found
$VIVIDEL.NS: possibly delisted; no timezone found
$WARDINMOBI.NS: possibly delisted; no timezone found
$VISDEM.NS: possibly delisted; no timezone found
$VGCL.NS: possibly delisted; no timezone found
$VTMLTD.NS: possibly delisted; no timezone found
$VIJSOLX.NS: possibly delisted; no timezone found
$WATERBASE.NS: possibly delisted; no timezone found
$VGINFOTECH.NS: possibly delisted; no timezone found
$VOITHPAPR.NS: possibly delisted; no timezone found
$VIVOBIOT.NS: possibly delisted; no timezone found
$VIJAYPD.NS: possibly delisted; no timezone found
$VIRTUALG.NS: possibly delisted; no timezone found

19 Failed downloads:
['VICTORYEV.NS', 'VIESL.NS', 'VMOBILE.NS', 'VOLERCAR.NS', 'VLINFRA.NS', 'VIRAT.NS', 'VIGOR.NS', 'VIVIDEL.NS', 'WARDINMOBI.NS', 'VISDEM.NS', 'VGCL.NS', 'VTMLTD.NS', 'VIJSOLX.NS', 'WATERBASE.NS', 'VGINFOTECH.NS', 'VOITHPAPR.NS', 'VIVOBIOT.NS', 'VIJAYPD.NS', 'VIRTUALG.NS']: possibly delisted; no timezone found
  3400/3468    592s  eta   12s
$YAAP.NS: possibly delisted; no timezone found
$WOL3D.NS: possibly delisted; no timezone found
$YOGI.NS: possibly delisted; no price data found  (1d 2020-01-21 -> 2026-08-17)
$WHITEFORCE.NS: possibly delisted; no timezone found
$WHBRADY.NS: possibly delisted; no timezone found

5 Failed downloads:
['YAAP.NS', 'WOL3D.NS', 'WHITEFORCE.NS', 'WHBRADY.NS']: possibly delisted; no timezone found
['YOGI.NS']: possibly delisted; no price data found  (1d 2020-01-21 -> 2026-08-17)
  3468/3468    604s  eta    0s

[36m==================================================================
== 3. result
==================================================================[0m
  [32mok  [0m 3,065 cached, 403 no data, 0 errors, 605s
       0.175s per symbol (the serialised path was ~0.45s)
       symbols without data written to /opt/breakoutscanner/data_cache/prefetch_no_data.txt
       e.g. AAKAAR, AARADHYA, ABHAPOWER, ACCPL, ACETEC, ACGL, ACTIVEINFR, ADDICTIVE

  [1mNow run the build. It should read cache and finish in a fraction of
  the time — that comparison is the point, so time it:[0m

      time sudo -u breakout /opt/breakoutscanner/.venv/bin/python \
        /opt/breakoutscanner/build_snapshot.py --symbols-file /opt/breakoutscanner/nse_all_equity.txt

  [33mIf it is still slow, the cache is being rejected rather than missing,
  and the min_rows threshold is the next thing to change — not this.[0m
--- building snapshot ---
Nifty Capital Markets: no constituent file found (24 URLs tried)
  [32mok[0m  302 symbols classified as ETFs/funds (data_cache/nse_funds.txt)

[36m== building snapshot: /opt/breakoutscanner/nse_all_equity.txt ==[0m
  /opt/breakoutscanner/nse_all_equity.txt: 3468 symbols
  skipping 403 symbol(s) prefetch found no data for (it retries them on its next run)
  breakout detector: detect_breakout(df, symbol, timeframe, cfg, mode, vol_mult, lookback, atr_period, atr_mult, direction_filter)
  25/3065      4s  eta  514s
  50/3065      8s  eta  496s
  75/3065     12s  eta  477s
  100/3065     16s  eta  467s
  125/3065     19s  eta  456s
  150/3065     23s  eta  455s
  175/3065     27s  eta  441s
  200/3065     30s  eta  428s
  225/3065     34s  eta  424s
  250/3065     38s  eta  426s
  275/3065     42s  eta  425s
  300/3065     46s  eta  420s
  325/3065     49s  eta  414s
  350/3065     53s  eta  409s
  375/3065     56s  eta  402s
  400/3065     60s  eta  397s
  425/3065     63s  eta  392s
  450/3065     67s  eta  388s
  475/3065     70s  eta  383s
  500/3065     74s  eta  379s
  525/3065     78s  eta  375s
  550/3065     81s  eta  372s
  575/3065     85s  eta  369s
  600/3065     89s  eta  366s
  625/3065     92s  eta  361s
  650/3065     96s  eta  356s
  675/3065    100s  eta  353s
  700/3065    103s  eta  349s
  725/3065    107s  eta  346s
  750/3065    111s  eta  341s
  775/3065    114s  eta  338s
  800/3065    118s  eta  333s
  825/3065    121s  eta  329s
  850/3065    125s  eta  325s
  875/3065    128s  eta  321s
  900/3065    131s  eta  316s
  925/3065    135s  eta  312s
  950/3065    139s  eta  309s
  975/3065    142s  eta  305s
  1000/3065    146s  eta  301s
  1025/3065    149s  eta  297s
  1050/3065    152s  eta  292s
  1075/3065    156s  eta  289s
  1100/3065    160s  eta  286s
  1125/3065    163s  eta  282s
  1150/3065    167s  eta  279s
  1175/3065    171s  eta  275s
  1200/3065    175s  eta  272s
  1225/3065    179s  eta  269s
  1250/3065    183s  eta  266s
  1275/3065    187s  eta  262s
  1300/3065    190s  eta  258s
  1325/3065    194s  eta  254s
  1350/3065    197s  eta  251s
  1375/3065    201s  eta  247s
  1400/3065    204s  eta  243s
  1425/3065    208s  eta  239s
  1450/3065    211s  eta  235s
  1475/3065    214s  eta  231s
  1500/3065    219s  eta  228s
  1525/3065    223s  eta  225s
  1550/3065    226s  eta  221s
  1575/3065    230s  eta  218s
  1600/3065    234s  eta  214s
  1625/3065    237s  eta  210s
  1650/3065    241s  eta  206s
  1675/3065    244s  eta  203s
  1700/3065    247s  eta  199s
  1725/3065    251s  eta  195s
  1750/3065    254s  eta  191s
  1775/3065    257s  eta  187s
  1800/3065    261s  eta  183s
  1825/3065    264s  eta  180s
  1850/3065    268s  eta  176s
  1875/3065    271s  eta  172s
  1900/3065    275s  eta  168s
  1925/3065    280s  eta  166s
  1950/3065    284s  eta  162s
  1975/3065    287s  eta  159s
  2000/3065    291s  eta  155s
  2025/3065    295s  eta  152s
  2050/3065    299s  eta  148s
  2075/3065    302s  eta  144s
  2100/3065    306s  eta  141s
  2125/3065    309s  eta  137s
  2150/3065    312s  eta  133s
  2175/3065    316s  eta  129s
  2200/3065    319s  eta  125s
  2225/3065    323s  eta  122s
  2250/3065    326s  eta  118s
  2275/3065    330s  eta  114s
  2300/3065    333s  eta  111s
  2325/3065    336s  eta  107s
  2350/3065    340s  eta  103s
  2375/3065    343s  eta  100s
  2400/3065    347s  eta   96s
  2425/3065    351s  eta   93s
  2450/3065    354s  eta   89s
  2475/3065    358s  eta   85s
  2500/3065    361s  eta   82s
  2525/3065    364s  eta   78s
  2550/3065    367s  eta   74s
  2575/3065    371s  eta   71s
  2600/3065    375s  eta   67s
  2625/3065    378s  eta   63s
  2650/3065    382s  eta   60s
  2675/3065    385s  eta   56s
  2700/3065    388s  eta   52s
  2725/3065    392s  eta   49s
  2750/3065    395s  eta   45s
  2775/3065    399s  eta   42s
  2800/3065    402s  eta   38s
  2825/3065    405s  eta   34s
  2850/3065    409s  eta   31s
  2875/3065    412s  eta   27s
  2900/3065    416s  eta   24s
  2925/3065    419s  eta   20s
  2950/3065    423s  eta   16s
  2975/3065    427s  eta   13s
  3000/3065    430s  eta    9s
  3025/3065    433s  eta    6s
  3050/3065    437s  eta    2s
  [33mnote[0m  2 symbol(s) did not trade on 2026-08-14 — flagged traded_today = false
  cap bands: Below Microcap 2315, Small 250, Micro 250, Mid 150, Large 100
  [32mok[0m  ranked 2,764 companies; 301 funds carry NULL RS
  [32mok[0m  3065 of 3065 obtainable symbols (100.0% coverage), 0 skipped, 513s
        257 known-unavailable excluded (no data for 3+ runs); raw coverage 100.0% of 3065
        data as of 2026-08-14, 2 symbol(s) behind it
  [33mstale[0m 2 symbol(s) (0%) use prices older than 2026-08-14, oldest 2023-12-29
        Normal for illiquid names: they did not trade, so no bar exists. All are flagged traded_today = false and excluded from 'today' screens by default.
          VISHAL         2023-12-29
          THACKER        2026-08-13
  [32mok[0m  breakouts: 411 total · 267 bullish · 144 bearish
        1D: 132
        1W: 239
        1M: 196
        Compare these against your live scan. They call the
        SAME detect_breakout(), so they should agree exactly.
  [33mwait[0m another process holds the snapshot open; retrying for up to 60s

  Could not get a write lock on /opt/breakoutscanner/data_cache/snapshot.duckdb after 60s.
  IO Error: Could not set lock on file "/opt/breakoutscanner/data_cache/snapshot.duckdb": Conflicting lock is held in /usr/bin/python3.12 (PID 579989). However, you would be able to open this database in read-only mode, e.g. by using the -readonly parameter in the CLI. See also https://duckdb.org/docs/stable/connect/concurrency

  Something is holding it open — usually the Streamlit app with a
  page left on screen. Either close those browser tabs, or:
      sudo systemctl restart breakoutscanner
  then run this again.
=== FAILED ===
=== nightly build started 2026-08-16T07:41:21+00:00 ===
--- refreshing universe ---

[36m==================================================================
== 1. fetching every NSE instrument
==================================================================[0m
  [32mok  [0m 114,870 instruments in the dump

  everything Kite tags segment=NSE instrument_type=EQ,
  broken down by SERIES (the suffix after the hyphen):

    SG                     4298   [33mdropped (debt/other)[0m
    EQ (no suffix)         2977   [32mKEPT[0m
    N0                      977   [33mdropped (debt/other)[0m
    SM                      439   [32mKEPT[0m
    BE                      230   [32mKEPT[0m
    GS                      130   [33mdropped (debt/other)[0m
    ST                      120   [32mKEPT[0m
    N1                      107   [33mdropped (debt/other)[0m
    TB                       84   [33mdropped (debt/other)[0m
    SF                       50   [33mdropped (debt/other)[0m
    GB                       45   [33mdropped (debt/other)[0m
    BZ                       38   [32mKEPT[0m
    N2                       37   [33mdropped (debt/other)[0m
    N3                       29   [33mdropped (debt/other)[0m

  [1m3,466 equities kept, 6,257 dropped[0m

  KSHINTL present: [1mTrue[0m
  sample: 20MICRONS, 21STCENMGM, 360ONE, 3BBLACKBIO, 3IINFOLTD, 3MINDIA, 3PLAND, 5PAISA, 63MOONS, A2ZINFRA ...

[36m==================================================================
== 2. how much is currently invisible
==================================================================[0m
  5 index list(s) consulted (excluding 'NSE All Equity' itself)
  scannable today      752
  [1mnewly scannable      2,716[0m

  a few that were invisible: 20MICRONS, 21STCENMGM, 3BBLACKBIO, 3IINFOLTD, 3PLAND, 5PAISA, 63MOONS, A2ZINFRA, AAATECH, AAKAAR, AAKASH, AARADHYA ...

  [33m2 symbol(s) are in your NIFTY indices but NOT in the equity dump:[0m
    DUMMYINXGN, DUMMYTRVN
  [32madded them — the universe is now a strict superset of the tradeable names you scan today[0m

[36m==================================================================
== 3. output
==================================================================[0m
  /opt/breakoutscanner/nse_all_equity.txt
  [32mok  [0m wrote 3,468 symbols (28,729 bytes)
  [32mok  [0m re-read cleanly; KSHINTL is in the list

[36m==================================================================
== next
==================================================================[0m
  Try a slice first — 2,000 symbols on a 512 MB box is a real risk:

    sudo -u breakout /opt/breakoutscanner/.venv/bin/python \
      /opt/breakoutscanner/build_snapshot.py \
      --symbols-file /opt/breakoutscanner/nse_all_equity.txt --limit 300

  If that completes, drop --limit for the full run. Watch it the first
  time. [33mAn OOM kill stops it mid-build, and a truncated snapshot is the
  silent-wrong failure we have spent this session removing.[0m

  Then confirm the stock that started this:

    sudo -u breakout /opt/breakoutscanner/.venv/bin/python \
      /opt/breakoutscanner/diagnose_symbol.py KSHINTL
universe: 3468 symbols
--- prefetching price cache ---
HTTP Error 404: {"quoteSummary":{"result":null,"error":{"code":"Not Found","description":"Quote not found for symbol: ADDIND.NS"}}}
$ADDIND.NS: possibly delisted; no timezone found
HTTP Error 404: {"quoteSummary":{"result":null,"error":{"code":"Not Found","description":"Quote not found for symbol: ACGL.NS"}}}
$ACGL.NS: possibly delisted; no timezone found
$ADISOFT.NS: possibly delisted; no timezone found
$ABHAPOWER.NS: possibly delisted; no timezone found
$ADVIKCA.NS: possibly delisted; no timezone found
$AESTHETIK.NS: possibly delisted; no timezone found
$AERON.NS: possibly delisted; no timezone found
$ADDICTIVE.NS: possibly delisted; no timezone found
$ACCPL.NS: possibly delisted; no timezone found
$ACTIVEINFR.NS: possibly delisted; no timezone found
$ACETEC.NS: possibly delisted; no timezone found
$AARADHYA.NS: possibly delisted; no timezone found
$AAKAAR.NS: possibly delisted; no timezone found

13 Failed downloads:
['ADDIND.NS', 'ACGL.NS', 'ADISOFT.NS', 'ABHAPOWER.NS', 'ADVIKCA.NS', 'AESTHETIK.NS', 'AERON.NS', 'ADDICTIVE.NS', 'ACCPL.NS', 'ACTIVEINFR.NS', 'ACETEC.NS', 'AARADHYA.NS', 'AAKAAR.NS']: possibly delisted; no timezone found
  [33mwarn[0m --app points at the ORIGINAL app, not the lab.
  [33mwarn[0m That is allowed but not the default. Ctrl-C now if unintended.

[36m==================================================================
== 1. wiring  (/opt/breakoutscanner)
==================================================================[0m
  [32mok  [0m yfinance 1.5.2, pandas 2.3.3
  [32mok  [0m cache dir /opt/breakoutscanner/data_cache/prices_daily
  [32mok  [0m yahoo_ticker and _normalize_ohlcv available
  [32mok  [0m 3,468 symbols from nse_all_equity.txt

  window     2020-01-21 -> 2026-08-17  (2400 calendar days)
  batches    35 x 100
  [1mvs the current path: 3,468 serialised requests[0m

[36m==================================================================
== 2. fetching
==================================================================[0m
  100/3468     17s  eta  579s
$AGARWALTUF.NS: possibly delisted; no timezone found
$ANSALBU.NS: possibly delisted; no timezone found
$ANONDITA.NS: possibly delisted; no timezone found
$AMBAAUTO.NS: possibly delisted; no timezone found
$AMARJOTHI.NS: possibly delisted; no price data found  (1d 2020-01-21 -> 2026-08-17)
$AMBANIORGO.NS: possibly delisted; no timezone found
$ANDREWYU.NS: possibly delisted; no timezone found
$ALFREDHE.NS: possibly delisted; no timezone found
$ANAWIL.NS: possibly delisted; no timezone found
$ALUFLUOR.NS: possibly delisted; no timezone found
$AKANKSHA.NS: possibly delisted; no timezone found
$ALCODIS.NS: possibly delisted; no timezone found
$AMCL.NS: possibly delisted; no timezone found
$AMAL.NS: possibly delisted; no timezone found

14 Failed downloads:
['AGARWALTUF.NS', 'ANSALBU.NS', 'ANONDITA.NS', 'AMBAAUTO.NS', 'AMBANIORGO.NS', 'ANDREWYU.NS', 'ALFREDHE.NS', 'ANAWIL.NS', 'ALUFLUOR.NS', 'AKANKSHA.NS', 'ALCODIS.NS', 'AMCL.NS', 'AMAL.NS']: possibly delisted; no timezone found
['AMARJOTHI.NS']: possibly delisted; no price data found  (1d 2020-01-21 -> 2026-08-17)
  200/3468     35s  eta  573s
$ASHWINI.NS: possibly delisted; no timezone found
$ARCIIL.NS: possibly delisted; no timezone found
$ASSAMENT.NS: possibly delisted; no timezone found
$ASHALOG.NS: possibly delisted; no timezone found
$APOORVA.NS: possibly delisted; no timezone found
$ARCL.NS: possibly delisted; no timezone found
$ARUNAYA.NS: possibly delisted; no timezone found
$ARMOUR.NS: possibly delisted; no timezone found
$APSISAERO.NS: possibly delisted; no timezone found
$ARVINDPORT.NS: possibly delisted; no timezone found
$APEXECO.NS: possibly delisted; no timezone found
$ARHAM.NS: possibly delisted; no timezone found
$ASIANTNE.NS: possibly delisted; no timezone found
$ANYA.NS: possibly delisted; no timezone found
$ATCENERGY.NS: possibly delisted; no timezone found
$ARYAMAN.NS: possibly delisted; no timezone found
$APRAMEYA.NS: possibly delisted; no timezone found

17 Failed downloads:
['ASHWINI.NS', 'ARCIIL.NS', 'ASSAMENT.NS', 'ASHALOG.NS', 'APOORVA.NS', 'ARCL.NS', 'ARUNAYA.NS', 'ARMOUR.NS', 'APSISAERO.NS', 'ARVINDPORT.NS', 'APEXECO.NS', 'ARHAM.NS', 'ASIANTNE.NS', 'ANYA.NS', 'ATCENERGY.NS', 'ARYAMAN.NS', 'APRAMEYA.NS']: possibly delisted; no timezone found
  300/3468     54s  eta  573s
$AVIANSH.NS: possibly delisted; no timezone found
$AVANCE.NS: possibly delisted; no timezone found
$BALCO.NS: possibly delisted; no timezone found
$BALAJIPHOS.NS: possibly delisted; no timezone found
$BARFLEX.NS: possibly delisted; no timezone found
$AVANA.NS: possibly delisted; no timezone found
$AUSL.NS: possibly delisted; no timezone found
$AUSTENG.NS: possibly delisted; no timezone found
$AVATAR.NS: possibly delisted; no timezone found
$AVIENCE.NS: possibly delisted; no timezone found
$BAGDIGITAL.NS: possibly delisted; no timezone found
$AXTEL.NS: possibly delisted; no timezone found
$AZADIND.NS: possibly delisted; no timezone found

13 Failed downloads:
['AVIANSH.NS', 'AVANCE.NS', 'BALCO.NS', 'BALAJIPHOS.NS', 'BARFLEX.NS', 'AVANA.NS', 'AUSL.NS', 'AUSTENG.NS', 'AVATAR.NS', 'AVIENCE.NS', 'BAGDIGITAL.NS', 'AXTEL.NS', 'AZADIND.NS']: possibly delisted; no timezone found
  400/3468     72s  eta  551s
$BLUECLOUDS.NS: possibly delisted; no timezone found
$BMLL.NS: possibly delisted; no timezone found
$BIOPOL.NS: possibly delisted; no timezone found
$BHADORA.NS: possibly delisted; no timezone found
$BIKEWO.NS: possibly delisted; no timezone found
$BLUEWATER.NS: possibly delisted; no timezone found
$BENARAS.NS: possibly delisted; no timezone found

7 Failed downloads:
['BLUECLOUDS.NS', 'BMLL.NS', 'BIOPOL.NS', 'BHADORA.NS', 'BIKEWO.NS', 'BLUEWATER.NS', 'BENARAS.NS']: possibly delisted; no timezone found
  500/3468     89s  eta  529s
$BRIGHTBR.NS: possibly delisted; no timezone found
$BRACEPORT.NS: possibly delisted; no timezone found
$BRAHMINFRA.NS: possibly delisted; no timezone found
$CGVAK.NS: possibly delisted; no timezone found
$BPLPHARMA.NS: possibly delisted; no timezone found
$BRANDMAN.NS: possibly delisted; no timezone found
$BOSS.NS: possibly delisted; no timezone found
$CEDAAR.NS: possibly delisted; no timezone found
$CFEL.NS: possibly delisted; no timezone found
$BULKCORP.NS: possibly delisted; no timezone found
$CHETANA.NS: possibly delisted; no timezone found
$CHEMCRUX.NS: possibly delisted; no timezone found
$CHANDAN.NS: possibly delisted; no timezone found
$C2C.NS: possibly delisted; no timezone found
$CHAMUNDA.NS: possibly delisted; no timezone found

15 Failed downloads:
['BRIGHTBR.NS', 'BRACEPORT.NS', 'BRAHMINFRA.NS', 'CGVAK.NS', 'BPLPHARMA.NS', 'BRANDMAN.NS', 'BOSS.NS', 'CEDAAR.NS', 'CFEL.NS', 'BULKCORP.NS', 'CHETANA.NS', 'CHEMCRUX.NS', 'CHANDAN.NS', 'C2C.NS', 'CHAMUNDA.NS']: possibly delisted; no timezone found
  600/3468    108s  eta  518s
$CRSL.NS: possibly delisted; no price data found  (1d 2020-01-21 -> 2026-08-17)
$CSSL.NS: possibly delisted; no timezone found
$CURRENT.NS: possibly delisted; no timezone found
$CKKRETAIL.NS: possibly delisted; no timezone found
$CLAYCRAFT.NS: possibly delisted; no timezone found
$CURIS.NS: possibly delisted; no timezone found
$CONNPLEX.NS: possibly delisted; no timezone found
$COMPEAU.NS: possibly delisted; no timezone found
$CRAVATEX.NS: possibly delisted; no timezone found
$CLASSICEIL.NS: possibly delisted; no timezone found
$CUDML.NS: possibly delisted; no timezone found

11 Failed downloads:
['CRSL.NS']: possibly delisted; no price data found  (1d 2020-01-21 -> 2026-08-17)
['CSSL.NS', 'CURRENT.NS', 'CKKRETAIL.NS', 'CLAYCRAFT.NS', 'CURIS.NS', 'CONNPLEX.NS', 'COMPEAU.NS', 'CRAVATEX.NS', 'CLASSICEIL.NS', 'CUDML.NS']: possibly delisted; no timezone found
  700/3468    126s  eta  499s
$DHANSA.NS: possibly delisted; no timezone found
$DECCANTRAN.NS: possibly delisted; no timezone found
$DHARIWAL.NS: possibly delisted; no timezone found
$DANISH.NS: possibly delisted; no timezone found
$DHARARAIL.NS: possibly delisted; no timezone found
$DIRL.NS: possibly delisted; no timezone found
$DIVINEHIRA.NS: possibly delisted; no timezone found
$DELTIC.NS: possibly delisted; no timezone found
$DHOOTTRANS.NS: possibly delisted; no timezone found
$DEEP.NS: possibly delisted; no price data found  (1d 2020-01-21 -> 2026-08-17)
$DCCL.NS: possibly delisted; no timezone found
$DHATRE.NS: possibly delisted; no timezone found
$DHABRIYA.NS: possibly delisted; no timezone found
$DIVYADHAN.NS: possibly delisted; no timezone found

14 Failed downloads:
['DHANSA.NS', 'DECCANTRAN.NS', 'DHARIWAL.NS', 'DANISH.NS', 'DHARARAIL.NS', 'DIRL.NS', 'DIVINEHIRA.NS', 'DELTIC.NS', 'DHOOTTRANS.NS', 'DCCL.NS', 'DHATRE.NS', 'DHABRIYA.NS', 'DIVYADHAN.NS']: possibly delisted; no timezone found
['DEEP.NS']: possibly delisted; no price data found  (1d 2020-01-21 -> 2026-08-17)
  800/3468    144s  eta  479s
$DUMMYTRVN.NS: possibly delisted; no timezone found
$EMPIND.NS: possibly delisted; no timezone found
$EMAPARTNER.NS: possibly delisted; no timezone found
$EKI.NS: possibly delisted; no timezone found
$ECOLINE.NS: possibly delisted; no timezone found
$EASTWEST.NS: possibly delisted; no timezone found
$EBIX.NS: possibly delisted; no timezone found
$EEPL.NS: possibly delisted; no timezone found
$DRSCARGO.NS: possibly delisted; no timezone found
$DUMMYINXGN.NS: possibly delisted; no timezone found
$ELGNZ.NS: possibly delisted; no timezone found
$ECORECO.NS: possibly delisted; no timezone found
$E2ERAIL.NS: possibly delisted; no timezone found

13 Failed downloads:
['DUMMYTRVN.NS', 'EMPIND.NS', 'EMAPARTNER.NS', 'EKI.NS', 'ECOLINE.NS', 'EASTWEST.NS', 'EBIX.NS', 'EEPL.NS', 'DRSCARGO.NS', 'DUMMYINXGN.NS', 'ELGNZ.NS', 'ECORECO.NS', 'E2ERAIL.NS']: possibly delisted; no timezone found
  900/3468    162s  eta  461s
$FOCE.NS: possibly delisted; no timezone found
$ETL.NS: possibly delisted; no timezone found
$EXCELLENT.NS: possibly delisted; no timezone found
$ENKEIWHEL.NS: possibly delisted; no timezone found
$FLYSBS.NS: possibly delisted; no timezone found
$ESPRIT.NS: possibly delisted; no timezone found
$EPWINDIA.NS: possibly delisted; no timezone found
$EXIMROUTES.NS: possibly delisted; no timezone found
$ENCOMPAS.NS: possibly delisted; no timezone found
$ETML.NS: possibly delisted; no timezone found
$ENVIRO.NS: possibly delisted; no timezone found
$FINBUD.NS: possibly delisted; no timezone found

12 Failed downloads:
['FOCE.NS', 'ETL.NS', 'EXCELLENT.NS', 'ENKEIWHEL.NS', 'FLYSBS.NS', 'ESPRIT.NS', 'EPWINDIA.NS', 'EXIMROUTES.NS', 'ENCOMPAS.NS', 'ETML.NS', 'ENVIRO.NS', 'FINBUD.NS']: possibly delisted; no timezone found
  1000/3468    178s  eta  440s
$GML.NS: possibly delisted; no timezone found
$GENXAI.NS: possibly delisted; no timezone found
$GJL.NS: possibly delisted; no timezone found
$GANESHIN.NS: possibly delisted; no timezone found
$FREDUN.NS: possibly delisted; no timezone found
$FWSTC.NS: possibly delisted; no timezone found
$FRESHARA.NS: possibly delisted; no timezone found
$FORGEAUTO.NS: possibly delisted; no timezone found
$GAJANAND.NS: possibly delisted; no timezone found
$GANGABATH.NS: possibly delisted; no timezone found
$GKB.NS: possibly delisted; no price data found  (1d 2020-01-21 -> 2026-08-17)
$FORCAS.NS: possibly delisted; no timezone found
$GCHOTELS.NS: possibly delisted; no timezone found

13 Failed downloads:
['GML.NS', 'GENXAI.NS', 'GJL.NS', 'GANESHIN.NS', 'FREDUN.NS', 'FWSTC.NS', 'FRESHARA.NS', 'FORGEAUTO.NS', 'GAJANAND.NS', 'GANGABATH.NS', 'FORCAS.NS', 'GCHOTELS.NS']: possibly delisted; no timezone found
['GKB.NS']: possibly delisted; no price data found  (1d 2020-01-21 -> 2026-08-17)
  1100/3468    196s  eta  422s
$GREENLEAF.NS: possibly delisted; no timezone found

1 Failed download:
['GREENLEAF.NS']: possibly delisted; no timezone found
  1200/3468    210s  eta  397s
$HAZOOR.NS: possibly delisted; no timezone found
$HINDADH.NS: possibly delisted; no timezone found
$HAPPY.NS: possibly delisted; no timezone found
$HINDALUMI.NS: possibly delisted; no timezone found
$HAMPTON.NS: possibly delisted; no timezone found
$GURUNANAK.NS: possibly delisted; no timezone found
$HBPOR.NS: possibly delisted; no timezone found

7 Failed downloads:
['HAZOOR.NS', 'HINDADH.NS', 'HAPPY.NS', 'HINDALUMI.NS', 'HAMPTON.NS', 'GURUNANAK.NS', 'HBPOR.NS']: possibly delisted; no timezone found
  1300/3468    230s  eta  383s
$HRYNSHP.NS: possibly delisted; no timezone found
$IDENTICAL.NS: possibly delisted; no timezone found
$INDOKEM.NS: possibly delisted; no timezone found
$ICELCO.NS: possibly delisted; no timezone found
$IDEALTECHO.NS: possibly delisted; no timezone found
$HVAX.NS: possibly delisted; no timezone found
$HPTL.NS: possibly delisted; no timezone found

7 Failed downloads:
['HRYNSHP.NS', 'IDENTICAL.NS', 'INDOKEM.NS', 'ICELCO.NS', 'IDEALTECHO.NS', 'HVAX.NS', 'HPTL.NS']: possibly delisted; no timezone found
  1400/3468    248s  eta  367s
$IWARE.NS: possibly delisted; no timezone found
$ISTLTD.NS: possibly delisted; no timezone found
$IPHL.NS: possibly delisted; no timezone found
$INNOMET.NS: possibly delisted; no timezone found
$ITTL.NS: possibly delisted; no timezone found
$IPRINGLTD.NS: possibly delisted; no price data found  (1d 2020-01-21 -> 2026-08-17)
$INFLUX.NS: possibly delisted; no timezone found
$ITL.NS: possibly delisted; no timezone found
$JAINIK.NS: possibly delisted; no timezone found
$INVICTA.NS: possibly delisted; no timezone found
$INTEGRITY.NS: possibly delisted; no timezone found

11 Failed downloads:
['IWARE.NS', 'ISTLTD.NS', 'IPHL.NS', 'INNOMET.NS', 'ITTL.NS', 'INFLUX.NS', 'ITL.NS', 'JAINIK.NS', 'INVICTA.NS', 'INTEGRITY.NS']: possibly delisted; no timezone found
['IPRINGLTD.NS']: possibly delisted; no price data found  (1d 2020-01-21 -> 2026-08-17)
  1500/3468    266s  eta  349s
$KALANA.NS: possibly delisted; no timezone found
$JYOTIGLOBL.NS: possibly delisted; no timezone found
$JAYBEE.NS: possibly delisted; no timezone found
$KAYTEX.NS: possibly delisted; no timezone found
$JAYESH.NS: possibly delisted; no timezone found
$JENBURPH.NS: possibly delisted; no timezone found
$KANCOTEA.NS: possibly delisted; no timezone found
$KATARIA.NS: possibly delisted; no timezone found
$KAMANWALA.NS: possibly delisted; no timezone found
$JYOTIRES.NS: possibly delisted; no timezone found
$JEYYAM.NS: possibly delisted; no timezone found

11 Failed downloads:
['KALANA.NS', 'JYOTIGLOBL.NS', 'JAYBEE.NS', 'KAYTEX.NS', 'JAYESH.NS', 'JENBURPH.NS', 'KANCOTEA.NS', 'KATARIA.NS', 'KAMANWALA.NS', 'JYOTIRES.NS', 'JEYYAM.NS']: possibly delisted; no timezone found
  1600/3468    285s  eta  332s
$KKJEWELS.NS: possibly delisted; no timezone found
$KJMCFIN.NS: possibly delisted; no timezone found
$LADDERUP.NS: possibly delisted; no timezone found
$KSE.NS: possibly delisted; no price data found  (1d 2020-01-21 -> 2026-08-17)
$KRMAYURVED.NS: possibly delisted; no timezone found
$KEN.NS: possibly delisted; no timezone found
$KMCSHIL.NS: possibly delisted; no timezone found

7 Failed downloads:
['KKJEWELS.NS', 'KJMCFIN.NS', 'LADDERUP.NS', 'KRMAYURVED.NS', 'KEN.NS', 'KMCSHIL.NS']: possibly delisted; no timezone found
['KSE.NS']: possibly delisted; no price data found  (1d 2020-01-21 -> 2026-08-17)
  1700/3468    304s  eta  316s
$LOTUSCHO.NS: possibly delisted; no timezone found
$LEENEE.NS: possibly delisted; no timezone found
$LANCER.NS: possibly delisted; no timezone found
$LAMOSAIC.NS: possibly delisted; no timezone found
$LKPSEC.NS: possibly delisted; no timezone found
$LAKSHMIMIL.NS: possibly delisted; no timezone found
$MACOBSTECH.NS: possibly delisted; no timezone found
$LAKSHYA.NS: possibly delisted; no timezone found

8 Failed downloads:
['LOTUSCHO.NS', 'LEENEE.NS', 'LANCER.NS', 'LAMOSAIC.NS', 'LKPSEC.NS', 'LAKSHMIMIL.NS', 'MACOBSTECH.NS', 'LAKSHYA.NS']: possibly delisted; no timezone found
  1800/3468    321s  eta  297s
$MEDISTEP.NS: possibly delisted; no timezone found
$MANBRO.NS: possibly delisted; no timezone found
$MEDICAPQ.NS: possibly delisted; no timezone found
$MARUSHIKA.NS: possibly delisted; no timezone found
$MANILAM.NS: possibly delisted; no timezone found
$MAKERSL.NS: possibly delisted; no timezone found
$MAXVOLT.NS: possibly delisted; no timezone found
$MAYASHEEL.NS: possibly delisted; no timezone found

8 Failed downloads:
['MEDISTEP.NS', 'MANBRO.NS', 'MEDICAPQ.NS', 'MARUSHIKA.NS', 'MANILAM.NS', 'MAKERSL.NS', 'MAXVOLT.NS', 'MAYASHEEL.NS']: possibly delisted; no timezone found
  1900/3468    340s  eta  280s
$MIEL.NS: possibly delisted; no timezone found
$MOLBIO.NS: possibly delisted; no timezone found
$MOHITE.NS: possibly delisted; no timezone found
$MIIL.NS: possibly delisted; no timezone found
$MLKFOOD.NS: possibly delisted; no timezone found
$MMEL.NS: possibly delisted; no timezone found
$MOBILISE.NS: possibly delisted; no timezone found
$MGSL.NS: possibly delisted; no timezone found
$MKEXIM.NS: possibly delisted; no timezone found
$MINALIND.NS: possibly delisted; no timezone found
$METALIC.NS: possibly delisted; no timezone found

11 Failed downloads:
['MIEL.NS', 'MOLBIO.NS', 'MOHITE.NS', 'MIIL.NS', 'MLKFOOD.NS', 'MMEL.NS', 'MOBILISE.NS', 'MGSL.NS', 'MKEXIM.NS', 'MINALIND.NS', 'METALIC.NS']: possibly delisted; no timezone found
  2000/3468    355s  eta  260s
$MYMUDRA.NS: possibly delisted; no timezone found
$MONOLITH.NS: possibly delisted; no timezone found
$MSL.NS: possibly delisted; no price data found  (1d 2020-01-21 -> 2026-08-17)
$MUNISH.NS: possibly delisted; no timezone found
$MPDL.NS: possibly delisted; no timezone found
$MPEL.NS: possibly delisted; no timezone found
$MRIL.NS: possibly delisted; no timezone found
$MYSORPETRO.NS: possibly delisted; no timezone found
$MUKESHB.NS: possibly delisted; no timezone found
$NAMOEWASTE.NS: possibly delisted; no timezone found

10 Failed downloads:
['MYMUDRA.NS', 'MONOLITH.NS', 'MUNISH.NS', 'MPDL.NS', 'MPEL.NS', 'MRIL.NS', 'MYSORPETRO.NS', 'MUKESHB.NS', 'NAMOEWASTE.NS']: possibly delisted; no timezone found
['MSL.NS']: possibly delisted; no price data found  (1d 2020-01-21 -> 2026-08-17)
  2100/3468    371s  eta  242s
$NIKITA.NS: possibly delisted; no timezone found
$NFPSAMPOOR.NS: possibly delisted; no timezone found
$NTCIND.NS: possibly delisted; no timezone found
$NICCOPAR.NS: possibly delisted; no timezone found
$NMSTEEL.NS: possibly delisted; no timezone found
$NEELAM.NS: possibly delisted; no timezone found
$OBSCP.NS: possibly delisted; no timezone found
$NEOCHEM.NS: possibly delisted; no timezone found
$NRVANDANA.NS: possibly delisted; no timezone found
$NEPTUNE.NS: possibly delisted; no timezone found

10 Failed downloads:
['NIKITA.NS', 'NFPSAMPOOR.NS', 'NTCIND.NS', 'NICCOPAR.NS', 'NMSTEEL.NS', 'NEELAM.NS', 'OBSCP.NS', 'NEOCHEM.NS', 'NRVANDANA.NS', 'NEPTUNE.NS']: possibly delisted; no timezone found
  2200/3468    387s  eta  223s
$PARAMATRIX.NS: possibly delisted; no timezone found
$OSELDEVICE.NS: possibly delisted; no timezone found
$ONEGLOBAL.NS: possibly delisted; no timezone found
$PATILAUTOM.NS: possibly delisted; no timezone found
$PARAMPARA.NS: possibly delisted; no timezone found
$PANORAMA.NS: possibly delisted; no timezone found
$OPTIMYSTIX.NS: possibly delisted; no timezone found
$OPTIFIN.NS: possibly delisted; no timezone found
$ODYCORP.NS: possibly delisted; no timezone found
$PARNAXLAB.NS: possibly delisted; no timezone found
$ONIXSOLAR.NS: possibly delisted; no timezone found
$PACIFICI.NS: possibly delisted; no timezone found
$PBMPOLY.NS: possibly delisted; no timezone found
$OPTIVALUE.NS: possibly delisted; no timezone found
$ONYX.NS: possibly delisted; no timezone found
$ORIRAIL.NS: possibly delisted; no timezone found
$PARTH.NS: possibly delisted; no timezone found
$PARAMOUNT.NS: possibly delisted; no timezone found
$PANCHMAHQ.NS: possibly delisted; no timezone found

19 Failed downloads:
['PARAMATRIX.NS', 'OSELDEVICE.NS', 'ONEGLOBAL.NS', 'PATILAUTOM.NS', 'PARAMPARA.NS', 'PANORAMA.NS', 'OPTIMYSTIX.NS', 'OPTIFIN.NS', 'ODYCORP.NS', 'PARNAXLAB.NS', 'ONIXSOLAR.NS', 'PACIFICI.NS', 'PBMPOLY.NS', 'OPTIVALUE.NS', 'ONYX.NS', 'ORIRAIL.NS', 'PARTH.NS', 'PARAMOUNT.NS', 'PANCHMAHQ.NS']: possibly delisted; no timezone found
  2300/3468    405s  eta  205s
$POSITRON.NS: possibly delisted; no timezone found
$POEL.NS: possibly delisted; no timezone found
$PELATRO.NS: possibly delisted; no timezone found
$PHOENXINTL.NS: possibly delisted; no timezone found
$PREMIUM.NS: possibly delisted; no timezone found
$PRANIK.NS: possibly delisted; no timezone found
$PPSL.NS: possibly delisted; no timezone found
$PERMAGN.NS: possibly delisted; no timezone found
$PRIMECAB.NS: possibly delisted; no timezone found
$PHOGLOBAL.NS: possibly delisted; no timezone found
$POLYSPIN.NS: possibly delisted; no timezone found

11 Failed downloads:
['POSITRON.NS', 'POEL.NS', 'PELATRO.NS', 'PHOENXINTL.NS', 'PREMIUM.NS', 'PRANIK.NS', 'PPSL.NS', 'PERMAGN.NS', 'PRIMECAB.NS', 'PHOGLOBAL.NS', 'POLYSPIN.NS']: possibly delisted; no timezone found
  2400/3468    422s  eta  188s
$RAPPID.NS: possibly delisted; no timezone found
$RAJINDLTD.NS: possibly delisted; no timezone found
$PUSHPA.NS: possibly delisted; no timezone found
$RAPIDFLEET.NS: possibly delisted; no timezone found
$PROFX.NS: possibly delisted; no timezone found
$PURPLEUTED.NS: possibly delisted; no timezone found
$QLINE.NS: possibly delisted; no timezone found
$PRISMX.NS: possibly delisted; no timezone found
$QVCEL.NS: possibly delisted; no timezone found
$RAJPUTANA.NS: possibly delisted; no timezone found
$PSRAJ.NS: possibly delisted; no timezone found
$PSFL.NS: possibly delisted; no timezone found
$PROPSHOP.NS: possibly delisted; no timezone found

13 Failed downloads:
['RAPPID.NS', 'RAJINDLTD.NS', 'PUSHPA.NS', 'RAPIDFLEET.NS', 'PROFX.NS', 'PURPLEUTED.NS', 'QLINE.NS', 'PRISMX.NS', 'QVCEL.NS', 'RAJPUTANA.NS', 'PSRAJ.NS', 'PSFL.NS', 'PROPSHOP.NS']: possibly delisted; no timezone found
  2500/3468    439s  eta  170s
$RNFI.NS: possibly delisted; no timezone found
$RTL.NS: possibly delisted; no timezone found
$RFBL.NS: possibly delisted; no timezone found
$READYMIX.NS: possibly delisted; no timezone found
$RNPL.NS: possibly delisted; no timezone found
$RICHA.NS: possibly delisted; no timezone found
$RTSPOWR.NS: possibly delisted; no timezone found
$ROYALARC.NS: possibly delisted; no timezone found
$RRECL.NS: possibly delisted; no timezone found
$REXPRO.NS: possibly delisted; no timezone found

10 Failed downloads:
['RNFI.NS', 'RTL.NS', 'RFBL.NS', 'READYMIX.NS', 'RNPL.NS', 'RICHA.NS', 'RTSPOWR.NS', 'ROYALARC.NS', 'RRECL.NS', 'REXPRO.NS']: possibly delisted; no timezone found
  2600/3468    456s  eta  152s
$SACHEEROME.NS: possibly delisted; no timezone found
$SATECH.NS: possibly delisted; no timezone found
$SAHASRA.NS: possibly delisted; no timezone found
$SAB.NS: possibly delisted; no timezone found
$SAWALIYA.NS: possibly delisted; no timezone found
$SAYAJIIND.NS: possibly delisted; no timezone found
$SAFEENTP.NS: possibly delisted; no timezone found
$SAJHOTELS.NS: possibly delisted; no timezone found
$SAMBANDAM.NS: possibly delisted; no price data found  (1d 2020-01-21 -> 2026-08-17)
$SAVY.NS: possibly delisted; no timezone found
$SAICAPI.NS: possibly delisted; no timezone found
$SAMAY.NS: possibly delisted; no timezone found
$SATTVAENGG.NS: possibly delisted; no timezone found
$SATKARTAR.NS: possibly delisted; no timezone found

14 Failed downloads:
['SACHEEROME.NS', 'SATECH.NS', 'SAHASRA.NS', 'SAB.NS', 'SAWALIYA.NS', 'SAYAJIIND.NS', 'SAFEENTP.NS', 'SAJHOTELS.NS', 'SAVY.NS', 'SAICAPI.NS', 'SAMAY.NS', 'SATTVAENGG.NS', 'SATKARTAR.NS']: possibly delisted; no timezone found
['SAMBANDAM.NS']: possibly delisted; no price data found  (1d 2020-01-21 -> 2026-08-17)
  2700/3468    472s  eta  134s
$SHREEDHAR.NS: possibly delisted; no timezone found
$SGRL.NS: possibly delisted; no timezone found
$SHIVAAGRO.NS: possibly delisted; no timezone found
$SHKSIL.NS: possibly delisted; no timezone found
$SHILGRAVQ.NS: possibly delisted; no timezone found
$SHIVACEM.NS: possibly delisted; no timezone found
$SELLOWRAP.NS: possibly delisted; no timezone found
$SHIVASHRIT.NS: possibly delisted; no timezone found
$SGLRES.NS: possibly delisted; no timezone found
$SHRADDHA.NS: possibly delisted; no timezone found
$SEKURITIND.NS: possibly delisted; no timezone found
$SFML.NS: possibly delisted; no timezone found
$SHERVANI.NS: possibly delisted; no timezone found
$SHETHJI.NS: possibly delisted; no timezone found
$SDREAMS.NS: possibly delisted; no timezone found
$SHEEL.NS: possibly delisted; no timezone found

16 Failed downloads:
['SHREEDHAR.NS', 'SGRL.NS', 'SHIVAAGRO.NS', 'SHKSIL.NS', 'SHILGRAVQ.NS', 'SHIVACEM.NS', 'SELLOWRAP.NS', 'SHIVASHRIT.NS', 'SGLRES.NS', 'SHRADDHA.NS', 'SEKURITIND.NS', 'SFML.NS', 'SHERVANI.NS', 'SHETHJI.NS', 'SDREAMS.NS', 'SHEEL.NS']: possibly delisted; no timezone found
  2800/3468    489s  eta  117s
$SHRIAHIMSA.NS: possibly delisted; no timezone found
$SIDDHICOTS.NS: possibly delisted; no timezone found
$SNEHAA.NS: possibly delisted; no timezone found
$SHRIKANHA.NS: possibly delisted; no timezone found
$SHYAMDHANI.NS: possibly delisted; no timezone found
$SIMCA.NS: possibly delisted; no timezone found
$SOCL.NS: possibly delisted; no timezone found
$SILKY.NS: possibly delisted; no timezone found
$SIEL.NS: possibly delisted; no price data found  (1d 2020-01-21 -> 2026-08-17)
$SMARTEN.NS: possibly delisted; no timezone found
$SHUBHSHREE.NS: possibly delisted; no timezone found
$SHRJAGP.NS: possibly delisted; no timezone found
$SIMPLXREA.NS: possibly delisted; no timezone found

13 Failed downloads:
['SHRIAHIMSA.NS', 'SIDDHICOTS.NS', 'SNEHAA.NS', 'SHRIKANHA.NS', 'SHYAMDHANI.NS', 'SIMCA.NS', 'SOCL.NS', 'SILKY.NS', 'SMARTEN.NS', 'SHUBHSHREE.NS', 'SHRJAGP.NS', 'SIMPLXREA.NS']: possibly delisted; no timezone found
['SIEL.NS']: possibly delisted; no price data found  (1d 2020-01-21 -> 2026-08-17)
  2900/3468    506s  eta   99s
$STUDIOLSD.NS: possibly delisted; no timezone found
$SRIKPRIND.NS: possibly delisted; no timezone found
$SPPPOLY.NS: possibly delisted; no timezone found
$SPELS.NS: possibly delisted; no timezone found
$SUNLITE.NS: possibly delisted; no timezone found
$SPEB.NS: possibly delisted; no timezone found
$SPUNWEB.NS: possibly delisted; no timezone found
$SUNTECH.NS: possibly delisted; no timezone found
$SPCON.NS: possibly delisted; no timezone found
$SSEGL.NS: possibly delisted; no timezone found
$STLSTRINF.NS: possibly delisted; no timezone found
$SUNSHIEL.NS: possibly delisted; no timezone found
$SUNLOC.NS: possibly delisted; no timezone found
$SUNRAKSHAK.NS: possibly delisted; no timezone found
$SUBAHOTELS.NS: possibly delisted; no timezone found
$SUMEDHA.NS: possibly delisted; no timezone found
$STRIDERS.NS: possibly delisted; no timezone found

17 Failed downloads:
['STUDIOLSD.NS', 'SRIKPRIND.NS', 'SPPPOLY.NS', 'SPELS.NS', 'SUNLITE.NS', 'SPEB.NS', 'SPUNWEB.NS', 'SUNTECH.NS', 'SPCON.NS', 'SSEGL.NS', 'STLSTRINF.NS', 'SUNSHIEL.NS', 'SUNLOC.NS', 'SUNRAKSHAK.NS', 'SUBAHOTELS.NS', 'SUMEDHA.NS', 'STRIDERS.NS']: possibly delisted; no timezone found
  3000/3468    526s  eta   82s
$SUPTANERY.NS: possibly delisted; no timezone found
$SWARNSAR.NS: possibly delisted; no timezone found
$TECHERA.NS: possibly delisted; no timezone found
$TANKUP.NS: possibly delisted; no timezone found
$SWISSMLTRY.NS: possibly delisted; no timezone found
$TEAMTECH.NS: possibly delisted; no timezone found
$SVGLOBAL.NS: possibly delisted; no timezone found
$TECHD.NS: possibly delisted; no timezone found
$TAURIAN.NS: possibly delisted; no timezone found
$TANAA.NS: possibly delisted; no timezone found

10 Failed downloads:
['SUPTANERY.NS', 'SWARNSAR.NS', 'TECHERA.NS', 'TANKUP.NS', 'SWISSMLTRY.NS', 'TEAMTECH.NS', 'SVGLOBAL.NS', 'TECHD.NS', 'TAURIAN.NS', 'TANAA.NS']: possibly delisted; no timezone found
  3100/3468    543s  eta   64s
$TOYAMSL.NS: possibly delisted; no timezone found
$TERAI.NS: possibly delisted; no timezone found
$TEJASCARGO.NS: possibly delisted; no timezone found
$TROM.NS: possibly delisted; no timezone found
$TSC.NS: possibly delisted; no timezone found
$TRANSCOR.NS: possibly delisted; no timezone found
$TEJA.NS: possibly delisted; no timezone found
$TRITONV.NS: possibly delisted; no timezone found
$THESL.NS: possibly delisted; no timezone found
$TUTIALKA.NS: possibly delisted; no timezone found
$TGVSL.NS: possibly delisted; no timezone found

11 Failed downloads:
['TOYAMSL.NS', 'TERAI.NS', 'TEJASCARGO.NS', 'TROM.NS', 'TSC.NS', 'TRANSCOR.NS', 'TEJA.NS', 'TRITONV.NS', 'THESL.NS', 'TUTIALKA.NS', 'TGVSL.NS']: possibly delisted; no timezone found
  3200/3468    561s  eta   47s
$VASUPRADA.NS: possibly delisted; no timezone found
$UPHOT.NS: possibly delisted; no timezone found
$UHTL.NS: possibly delisted; no timezone found
$UTKAL.NS: possibly delisted; no timezone found
$VDEAL.NS: possibly delisted; no timezone found
$USHAFIN.NS: possibly delisted; no timezone found
$UTSSAV.NS: possibly delisted; no timezone found
$UDAYJEW.NS: possibly delisted; no timezone found
$VALUE360.NS: possibly delisted; no timezone found
$VEDAVAAG.NS: possibly delisted; no timezone found
$UNILEX.NS: possibly delisted; no timezone found
$VADILENT.NS: possibly delisted; no timezone found

12 Failed downloads:
['VASUPRADA.NS', 'UPHOT.NS', 'UHTL.NS', 'UTKAL.NS', 'VDEAL.NS', 'USHAFIN.NS', 'UTSSAV.NS', 'UDAYJEW.NS', 'VALUE360.NS', 'VEDAVAAG.NS', 'UNILEX.NS', 'VADILENT.NS']: possibly delisted; no timezone found
  3300/3468    579s  eta   29s
$WATERBASE.NS: possibly delisted; no timezone found
$VLINFRA.NS: possibly delisted; no timezone found
$VIJSOLX.NS: possibly delisted; no timezone found
$VICTORYEV.NS: possibly delisted; no timezone found
$VTMLTD.NS: possibly delisted; no timezone found
$VMOBILE.NS: possibly delisted; no timezone found
$VIRAT.NS: possibly delisted; no timezone found
$WARDINMOBI.NS: possibly delisted; no timezone found
$VGINFOTECH.NS: possibly delisted; no timezone found
$VOITHPAPR.NS: possibly delisted; no timezone found
$VIRTUALG.NS: possibly delisted; no timezone found
$VIVIDEL.NS: possibly delisted; no timezone found
$VIJAYPD.NS: possibly delisted; no timezone found
$VOLERCAR.NS: possibly delisted; no timezone found
$VGCL.NS: possibly delisted; no timezone found
$VIESL.NS: possibly delisted; no timezone found
$VISDEM.NS: possibly delisted; no timezone found
$VIVOBIOT.NS: possibly delisted; no timezone found
$VIGOR.NS: possibly delisted; no timezone found

19 Failed downloads:
['WATERBASE.NS', 'VLINFRA.NS', 'VIJSOLX.NS', 'VICTORYEV.NS', 'VTMLTD.NS', 'VMOBILE.NS', 'VIRAT.NS', 'WARDINMOBI.NS', 'VGINFOTECH.NS', 'VOITHPAPR.NS', 'VIRTUALG.NS', 'VIVIDEL.NS', 'VIJAYPD.NS', 'VOLERCAR.NS', 'VGCL.NS', 'VIESL.NS', 'VISDEM.NS', 'VIVOBIOT.NS', 'VIGOR.NS']: possibly delisted; no timezone found
  3400/3468    597s  eta   12s
$WHITEFORCE.NS: possibly delisted; no timezone found
$WHBRADY.NS: possibly delisted; no timezone found
$WOL3D.NS: possibly delisted; no timezone found
$YAAP.NS: possibly delisted; no timezone found
$YOGI.NS: possibly delisted; no price data found  (1d 2020-01-21 -> 2026-08-17)

5 Failed downloads:
['WHITEFORCE.NS', 'WHBRADY.NS', 'WOL3D.NS', 'YAAP.NS']: possibly delisted; no timezone found
['YOGI.NS']: possibly delisted; no price data found  (1d 2020-01-21 -> 2026-08-17)
  3468/3468    608s  eta    0s

[36m==================================================================
== 3. result
==================================================================[0m
  [32mok  [0m 3,065 cached, 403 no data, 0 errors, 609s
       0.176s per symbol (the serialised path was ~0.45s)
       symbols without data written to /opt/breakoutscanner/data_cache/prefetch_no_data.txt
       e.g. AAKAAR, AARADHYA, ABHAPOWER, ACCPL, ACETEC, ACGL, ACTIVEINFR, ADDICTIVE

  [1mNow run the build. It should read cache and finish in a fraction of
  the time — that comparison is the point, so time it:[0m

      time sudo -u breakout /opt/breakoutscanner/.venv/bin/python \
        /opt/breakoutscanner/build_snapshot.py --symbols-file /opt/breakoutscanner/nse_all_equity.txt

  [33mIf it is still slow, the cache is being rejected rather than missing,
  and the min_rows threshold is the next thing to change — not this.[0m
--- building snapshot ---
Nifty Capital Markets: no constituent file found (24 URLs tried)
  [32mok[0m  302 symbols classified as ETFs/funds (data_cache/nse_funds.txt)

[36m== building snapshot: /opt/breakoutscanner/nse_all_equity.txt ==[0m
  /opt/breakoutscanner/nse_all_equity.txt: 3468 symbols
  skipping 403 symbol(s) prefetch found no data for (it retries them on its next run)
  breakout detector: detect_breakout(df, symbol, timeframe, cfg, mode, vol_mult, lookback, atr_period, atr_mult, direction_filter)
  25/3065      4s  eta  451s
  50/3065      7s  eta  405s
  75/3065     10s  eta  388s
  100/3065     13s  eta  380s
  125/3065     16s  eta  380s
  150/3065     20s  eta  385s
  175/3065     23s  eta  385s
  200/3065     26s  eta  379s
  225/3065     30s  eta  375s
  250/3065     33s  eta  373s
  275/3065     36s  eta  369s
  300/3065     40s  eta  366s
  325/3065     43s  eta  363s
  350/3065     47s  eta  361s
  375/3065     50s  eta  358s
  400/3065     53s  eta  353s
  425/3065     56s  eta  349s
  450/3065     59s  eta  346s
  475/3065     63s  eta  342s
  500/3065     66s  eta  339s
  525/3065     70s  eta  336s
  550/3065     73s  eta  333s
  575/3065     76s  eta  328s
  600/3065     79s  eta  324s
  625/3065     82s  eta  321s
  650/3065     85s  eta  317s
  675/3065     88s  eta  313s
  700/3065     92s  eta  310s
  725/3065     95s  eta  307s
  750/3065     99s  eta  304s
  775/3065    103s  eta  304s
  800/3065    106s  eta  301s
  825/3065    110s  eta  298s
  850/3065    113s  eta  295s
  875/3065    117s  eta  292s
  900/3065    120s  eta  290s
  925/3065    124s  eta  287s
  950/3065    128s  eta  284s
  975/3065    131s  eta  281s
  1000/3065    134s  eta  277s
  1025/3065    138s  eta  274s
  1050/3065    141s  eta  270s
  1075/3065    145s  eta  268s
  1100/3065    148s  eta  265s
  1125/3065    152s  eta  261s
  1150/3065    155s  eta  259s
  1175/3065    159s  eta  256s
  1200/3065    163s  eta  253s
  1225/3065    167s  eta  250s
  1250/3065    170s  eta  247s
  1275/3065    174s  eta  244s
  1300/3065    178s  eta  241s
  1325/3065    181s  eta  238s
  1350/3065    185s  eta  235s
  1375/3065    189s  eta  232s
  1400/3065    192s  eta  228s
  1425/3065    196s  eta  225s
  1450/3065    201s  eta  224s
  1475/3065    205s  eta  221s
  1500/3065    208s  eta  217s
  1525/3065    212s  eta  214s
  1550/3065    216s  eta  211s
  1575/3065    220s  eta  209s
  1600/3065    224s  eta  206s
  1625/3065    228s  eta  202s
  1650/3065    232s  eta  199s
  1675/3065    235s  eta  195s
  1700/3065    239s  eta  192s
  1725/3065    243s  eta  189s
  1750/3065    246s  eta  185s
  1775/3065    249s  eta  181s
  1800/3065    253s  eta  178s
  1825/3065    257s  eta  175s
  1850/3065    261s  eta  171s
  1875/3065    265s  eta  168s
  1900/3065    269s  eta  165s
  1925/3065    273s  eta  162s
  1950/3065    276s  eta  158s
  1975/3065    280s  eta  154s
  2000/3065    283s  eta  151s
  2025/3065    287s  eta  148s
  2050/3065    291s  eta  144s
  2075/3065    294s  eta  140s
  2100/3065    298s  eta  137s
  2125/3065    301s  eta  133s
  2150/3065    304s  eta  130s
  2175/3065    308s  eta  126s
  2200/3065    311s  eta  122s
  2225/3065    315s  eta  119s
  2250/3065    319s  eta  115s
  2275/3065    323s  eta  112s
  2300/3065    326s  eta  109s
  2325/3065    330s  eta  105s
  2350/3065    333s  eta  101s
  2375/3065    337s  eta   98s
  2400/3065    341s  eta   95s
  2425/3065    345s  eta   91s
  2450/3065    348s  eta   87s
  2475/3065    352s  eta   84s
  2500/3065    355s  eta   80s
  2525/3065    359s  eta   77s
  2550/3065    362s  eta   73s
  2575/3065    366s  eta   70s
  2600/3065    370s  eta   66s
  2625/3065    373s  eta   63s
  2650/3065    377s  eta   59s
  2675/3065    381s  eta   56s
  2700/3065    384s  eta   52s
  2725/3065    388s  eta   48s
  2750/3065    391s  eta   45s
  2775/3065    395s  eta   41s
  2800/3065    398s  eta   38s
  2825/3065    402s  eta   34s
  2850/3065    405s  eta   31s
  2875/3065    409s  eta   27s
  2900/3065    412s  eta   23s
  2925/3065    416s  eta   20s
  2950/3065    420s  eta   16s
  2975/3065    423s  eta   13s
  3000/3065    426s  eta    9s
  3025/3065    430s  eta    6s
  3050/3065    433s  eta    2s
  [33mnote[0m  2 symbol(s) did not trade on 2026-08-14 — flagged traded_today = false
  cap bands: Below Microcap 2315, Small 250, Micro 250, Mid 150, Large 100
  [32mok[0m  ranked 2,764 companies; 301 funds carry NULL RS
  [32mok[0m  3065 of 3065 obtainable symbols (100.0% coverage), 0 skipped, 517s
        257 known-unavailable excluded (no data for 3+ runs); raw coverage 100.0% of 3065
        data as of 2026-08-14, 2 symbol(s) behind it
  [33mstale[0m 2 symbol(s) (0%) use prices older than 2026-08-14, oldest 2023-12-29
        Normal for illiquid names: they did not trade, so no bar exists. All are flagged traded_today = false and excluded from 'today' screens by default.
          VISHAL         2023-12-29
          THACKER        2026-08-13
  [32mok[0m  breakouts: 411 total · 267 bullish · 144 bearish
        1D: 132
        1W: 239
        1M: 196
        Compare these against your live scan. They call the
        SAME detect_breakout(), so they should agree exactly.
  [33mwait[0m another process holds the snapshot open; retrying for up to 60s

  Could not get a write lock on /opt/breakoutscanner/data_cache/snapshot.duckdb after 60s.
  IO Error: Could not set lock on file "/opt/breakoutscanner/data_cache/snapshot.duckdb": Conflicting lock is held in /usr/bin/python3.12 (PID 579989). However, you would be able to open this database in read-only mode, e.g. by using the -readonly parameter in the CLI. See also https://duckdb.org/docs/stable/connect/concurrency

  Something is holding it open — usually the Streamlit app with a
  page left on screen. Either close those browser tabs, or:
      sudo systemctl restart breakoutscanner
  then run this again.
=== FAILED ===
=== nightly build started 2026-08-16T08:21:20+00:00 ===
--- refreshing universe ---

[36m==================================================================
== 1. fetching every NSE instrument
==================================================================[0m
  [32mok  [0m 114,870 instruments in the dump

  everything Kite tags segment=NSE instrument_type=EQ,
  broken down by SERIES (the suffix after the hyphen):

    SG                     4298   [33mdropped (debt/other)[0m
    EQ (no suffix)         2977   [32mKEPT[0m
    N0                      977   [33mdropped (debt/other)[0m
    SM                      439   [32mKEPT[0m
    BE                      230   [32mKEPT[0m
    GS                      130   [33mdropped (debt/other)[0m
    ST                      120   [32mKEPT[0m
    N1                      107   [33mdropped (debt/other)[0m
    TB                       84   [33mdropped (debt/other)[0m
    SF                       50   [33mdropped (debt/other)[0m
    GB                       45   [33mdropped (debt/other)[0m
    BZ                       38   [32mKEPT[0m
    N2                       37   [33mdropped (debt/other)[0m
    N3                       29   [33mdropped (debt/other)[0m

  [1m3,466 equities kept, 6,257 dropped[0m

  KSHINTL present: [1mTrue[0m
  sample: 20MICRONS, 21STCENMGM, 360ONE, 3BBLACKBIO, 3IINFOLTD, 3MINDIA, 3PLAND, 5PAISA, 63MOONS, A2ZINFRA ...

[36m==================================================================
== 2. how much is currently invisible
==================================================================[0m
  5 index list(s) consulted (excluding 'NSE All Equity' itself)
  scannable today      752
  [1mnewly scannable      2,716[0m

  a few that were invisible: 20MICRONS, 21STCENMGM, 3BBLACKBIO, 3IINFOLTD, 3PLAND, 5PAISA, 63MOONS, A2ZINFRA, AAATECH, AAKAAR, AAKASH, AARADHYA ...

  [33m2 symbol(s) are in your NIFTY indices but NOT in the equity dump:[0m
    DUMMYINXGN, DUMMYTRVN
  [32madded them — the universe is now a strict superset of the tradeable names you scan today[0m

[36m==================================================================
== 3. output
==================================================================[0m
  /opt/breakoutscanner/nse_all_equity.txt
  [32mok  [0m wrote 3,468 symbols (28,729 bytes)
  [32mok  [0m re-read cleanly; KSHINTL is in the list

[36m==================================================================
== next
==================================================================[0m
  Try a slice first — 2,000 symbols on a 512 MB box is a real risk:

    sudo -u breakout /opt/breakoutscanner/.venv/bin/python \
      /opt/breakoutscanner/build_snapshot.py \
      --symbols-file /opt/breakoutscanner/nse_all_equity.txt --limit 300

  If that completes, drop --limit for the full run. Watch it the first
  time. [33mAn OOM kill stops it mid-build, and a truncated snapshot is the
  silent-wrong failure we have spent this session removing.[0m

  Then confirm the stock that started this:

    sudo -u breakout /opt/breakoutscanner/.venv/bin/python \
      /opt/breakoutscanner/diagnose_symbol.py KSHINTL
universe: 3468 symbols
--- prefetching price cache ---
$ABHAPOWER.NS: possibly delisted; no timezone found
$AERON.NS: possibly delisted; no timezone found
$ADISOFT.NS: possibly delisted; no timezone found
$ADDIND.NS: possibly delisted; no timezone found
$AARADHYA.NS: possibly delisted; no timezone found
$AESTHETIK.NS: possibly delisted; no timezone found
$AAKAAR.NS: possibly delisted; no timezone found
$ACTIVEINFR.NS: possibly delisted; no timezone found
$ADVIKCA.NS: possibly delisted; no timezone found
$ACGL.NS: possibly delisted; no timezone found
$ACCPL.NS: possibly delisted; no timezone found
$ACETEC.NS: possibly delisted; no timezone found
$ADDICTIVE.NS: possibly delisted; no timezone found

13 Failed downloads:
['ABHAPOWER.NS', 'AERON.NS', 'ADISOFT.NS', 'ADDIND.NS', 'AARADHYA.NS', 'AESTHETIK.NS', 'AAKAAR.NS', 'ACTIVEINFR.NS', 'ADVIKCA.NS', 'ACGL.NS', 'ACCPL.NS', 'ACETEC.NS', 'ADDICTIVE.NS']: possibly delisted; no timezone found
  [33mwarn[0m --app points at the ORIGINAL app, not the lab.
  [33mwarn[0m That is allowed but not the default. Ctrl-C now if unintended.

[36m==================================================================
== 1. wiring  (/opt/breakoutscanner)
==================================================================[0m
  [32mok  [0m yfinance 1.5.2, pandas 2.3.3
  [32mok  [0m cache dir /opt/breakoutscanner/data_cache/prices_daily
  [32mok  [0m yahoo_ticker and _normalize_ohlcv available
  [32mok  [0m 3,468 symbols from nse_all_equity.txt

  window     2020-01-21 -> 2026-08-17  (2400 calendar days)
  batches    35 x 100
  [1mvs the current path: 3,468 serialised requests[0m

[36m==================================================================
== 2. fetching
==================================================================[0m
  100/3468     16s  eta  555s
$AKANKSHA.NS: possibly delisted; no timezone found
$AMBANIORGO.NS: possibly delisted; no timezone found
$ANDREWYU.NS: possibly delisted; no timezone found
$AMCL.NS: possibly delisted; no timezone found
$ALFREDHE.NS: possibly delisted; no timezone found
$ANONDITA.NS: possibly delisted; no timezone found
$ANAWIL.NS: possibly delisted; no timezone found
$AMARJOTHI.NS: possibly delisted; no price data found  (1d 2020-01-21 -> 2026-08-17)
$AMAL.NS: possibly delisted; no timezone found
$AGARWALTUF.NS: possibly delisted; no timezone found
$AMBAAUTO.NS: possibly delisted; no timezone found
$ALCODIS.NS: possibly delisted; no timezone found
$ALUFLUOR.NS: possibly delisted; no timezone found
$ANSALBU.NS: possibly delisted; no timezone found

14 Failed downloads:
['AKANKSHA.NS', 'AMBANIORGO.NS', 'ANDREWYU.NS', 'AMCL.NS', 'ALFREDHE.NS', 'ANONDITA.NS', 'ANAWIL.NS', 'AMAL.NS', 'AGARWALTUF.NS', 'AMBAAUTO.NS', 'ALCODIS.NS', 'ALUFLUOR.NS', 'ANSALBU.NS']: possibly delisted; no timezone found
['AMARJOTHI.NS']: possibly delisted; no price data found  (1d 2020-01-21 -> 2026-08-17)
  200/3468     34s  eta  551s
$ANYA.NS: possibly delisted; no timezone found
$ATCENERGY.NS: possibly delisted; no timezone found
$ARMOUR.NS: possibly delisted; no timezone found
$ASIANTNE.NS: possibly delisted; no timezone found
$ARYAMAN.NS: possibly delisted; no timezone found
$APRAMEYA.NS: possibly delisted; no timezone found
$ARHAM.NS: possibly delisted; no timezone found
$APOORVA.NS: possibly delisted; no timezone found
$ASSAMENT.NS: possibly delisted; no timezone found
$ASHALOG.NS: possibly delisted; no timezone found
$ASHWINI.NS: possibly delisted; no timezone found
$ARUNAYA.NS: possibly delisted; no timezone found
$ARCL.NS: possibly delisted; no timezone found
$APEXECO.NS: possibly delisted; no timezone found
$APSISAERO.NS: possibly delisted; no timezone found
$ARCIIL.NS: possibly delisted; no timezone found
$ARVINDPORT.NS: possibly delisted; no timezone found

17 Failed downloads:
['ANYA.NS', 'ATCENERGY.NS', 'ARMOUR.NS', 'ASIANTNE.NS', 'ARYAMAN.NS', 'APRAMEYA.NS', 'ARHAM.NS', 'APOORVA.NS', 'ASSAMENT.NS', 'ASHALOG.NS', 'ASHWINI.NS', 'ARUNAYA.NS', 'ARCL.NS', 'APEXECO.NS', 'APSISAERO.NS', 'ARCIIL.NS', 'ARVINDPORT.NS']: possibly delisted; no timezone found
  300/3468     52s  eta  544s
$AVATAR.NS: possibly delisted; no timezone found
$BARFLEX.NS: possibly delisted; no timezone found
$AVIENCE.NS: possibly delisted; no timezone found
$AUSTENG.NS: possibly delisted; no timezone found
$AZADIND.NS: possibly delisted; no timezone found
$BALCO.NS: possibly delisted; no timezone found
$AVANCE.NS: possibly delisted; no timezone found
$BAGDIGITAL.NS: possibly delisted; no timezone found
$AUSL.NS: possibly delisted; no timezone found
$AXTEL.NS: possibly delisted; no timezone found
$BALAJIPHOS.NS: possibly delisted; no timezone found
$AVANA.NS: possibly delisted; no timezone found
$AVIANSH.NS: possibly delisted; no timezone found

13 Failed downloads:
['AVATAR.NS', 'BARFLEX.NS', 'AVIENCE.NS', 'AUSTENG.NS', 'AZADIND.NS', 'BALCO.NS', 'AVANCE.NS', 'BAGDIGITAL.NS', 'AUSL.NS', 'AXTEL.NS', 'BALAJIPHOS.NS', 'AVANA.NS', 'AVIANSH.NS']: possibly delisted; no timezone found
  400/3468     69s  eta  529s
$BMLL.NS: possibly delisted; no timezone found
$BLUECLOUDS.NS: possibly delisted; no timezone found
$BIKEWO.NS: possibly delisted; no timezone found
$BENARAS.NS: possibly delisted; no timezone found
$BIOPOL.NS: possibly delisted; no timezone found
$BLUEWATER.NS: possibly delisted; no timezone found
$BHADORA.NS: possibly delisted; no timezone found

7 Failed downloads:
['BMLL.NS', 'BLUECLOUDS.NS', 'BIKEWO.NS', 'BENARAS.NS', 'BIOPOL.NS', 'BLUEWATER.NS', 'BHADORA.NS']: possibly delisted; no timezone found
  500/3468     85s  eta  507s
$BOSS.NS: possibly delisted; no timezone found
$CHEMCRUX.NS: possibly delisted; no timezone found
$CHETANA.NS: possibly delisted; no timezone found
$CHAMUNDA.NS: possibly delisted; no timezone found
$BPLPHARMA.NS: possibly delisted; no timezone found
$BRIGHTBR.NS: possibly delisted; no timezone found
$CHANDAN.NS: possibly delisted; no timezone found
$BULKCORP.NS: possibly delisted; no timezone found
$BRANDMAN.NS: possibly delisted; no timezone found
$C2C.NS: possibly delisted; no timezone found
$BRAHMINFRA.NS: possibly delisted; no timezone found
$BRACEPORT.NS: possibly delisted; no timezone found
$CFEL.NS: possibly delisted; no timezone found
$CEDAAR.NS: possibly delisted; no timezone found
$CGVAK.NS: possibly delisted; no timezone found

15 Failed downloads:
['BOSS.NS', 'CHEMCRUX.NS', 'CHETANA.NS', 'CHAMUNDA.NS', 'BPLPHARMA.NS', 'BRIGHTBR.NS', 'CHANDAN.NS', 'BULKCORP.NS', 'BRANDMAN.NS', 'C2C.NS', 'BRAHMINFRA.NS', 'BRACEPORT.NS', 'CFEL.NS', 'CEDAAR.NS', 'CGVAK.NS']: possibly delisted; no timezone found
  600/3468    104s  eta  497s
$CRAVATEX.NS: possibly delisted; no timezone found
$CSSL.NS: possibly delisted; no timezone found
$CKKRETAIL.NS: possibly delisted; no timezone found
$CLAYCRAFT.NS: possibly delisted; no timezone found
$CONNPLEX.NS: possibly delisted; no timezone found
$CURRENT.NS: possibly delisted; no timezone found
$CURIS.NS: possibly delisted; no timezone found
$CLASSICEIL.NS: possibly delisted; no timezone found
$COMPEAU.NS: possibly delisted; no timezone found
$CUDML.NS: possibly delisted; no timezone found
$CRSL.NS: possibly delisted; no price data found  (1d 2020-01-21 -> 2026-08-17)

11 Failed downloads:
['CRAVATEX.NS', 'CSSL.NS', 'CKKRETAIL.NS', 'CLAYCRAFT.NS', 'CONNPLEX.NS', 'CURRENT.NS', 'CURIS.NS', 'CLASSICEIL.NS', 'COMPEAU.NS', 'CUDML.NS']: possibly delisted; no timezone found
['CRSL.NS']: possibly delisted; no price data found  (1d 2020-01-21 -> 2026-08-17)
  700/3468    120s  eta  475s
$DIVINEHIRA.NS: possibly delisted; no timezone found
$DEEP.NS: possibly delisted; no price data found  (1d 2020-01-21 -> 2026-08-17)
$DECCANTRAN.NS: possibly delisted; no timezone found
$DANISH.NS: possibly delisted; no timezone found
$DIVYADHAN.NS: possibly delisted; no timezone found
$DHARARAIL.NS: possibly delisted; no timezone found
$DHARIWAL.NS: possibly delisted; no timezone found
$DCCL.NS: possibly delisted; no timezone found
$DHANSA.NS: possibly delisted; no timezone found
$DELTIC.NS: possibly delisted; no timezone found
$DIRL.NS: possibly delisted; no timezone found
$DHATRE.NS: possibly delisted; no timezone found
$DHOOTTRANS.NS: possibly delisted; no timezone found
$DHABRIYA.NS: possibly delisted; no timezone found

14 Failed downloads:
['DIVINEHIRA.NS', 'DECCANTRAN.NS', 'DANISH.NS', 'DIVYADHAN.NS', 'DHARARAIL.NS', 'DHARIWAL.NS', 'DCCL.NS', 'DHANSA.NS', 'DELTIC.NS', 'DIRL.NS', 'DHATRE.NS', 'DHOOTTRANS.NS', 'DHABRIYA.NS']: possibly delisted; no timezone found
['DEEP.NS']: possibly delisted; no price data found  (1d 2020-01-21 -> 2026-08-17)
  800/3468    136s  eta  455s
$EMPIND.NS: possibly delisted; no timezone found
$EKI.NS: possibly delisted; no timezone found
$DUMMYINXGN.NS: possibly delisted; no timezone found
$DRSCARGO.NS: possibly delisted; no timezone found
$DUMMYTRVN.NS: possibly delisted; no timezone found
$ECOLINE.NS: possibly delisted; no timezone found
$EMAPARTNER.NS: possibly delisted; no timezone found
$ELGNZ.NS: possibly delisted; no timezone found
$EASTWEST.NS: possibly delisted; no timezone found
$EEPL.NS: possibly delisted; no timezone found
$ECORECO.NS: possibly delisted; no timezone found
$EBIX.NS: possibly delisted; no timezone found
$E2ERAIL.NS: possibly delisted; no timezone found

13 Failed downloads:
['EMPIND.NS', 'EKI.NS', 'DUMMYINXGN.NS', 'DRSCARGO.NS', 'DUMMYTRVN.NS', 'ECOLINE.NS', 'EMAPARTNER.NS', 'ELGNZ.NS', 'EASTWEST.NS', 'EEPL.NS', 'ECORECO.NS', 'EBIX.NS', 'E2ERAIL.NS']: possibly delisted; no timezone found
  900/3468    152s  eta  435s
$ETML.NS: possibly delisted; no timezone found
$ENCOMPAS.NS: possibly delisted; no timezone found
$FINBUD.NS: possibly delisted; no timezone found
$EPWINDIA.NS: possibly delisted; no timezone found
$ETL.NS: possibly delisted; no timezone found
$FLYSBS.NS: possibly delisted; no timezone found
$ESPRIT.NS: possibly delisted; no timezone found
$FOCE.NS: possibly delisted; no timezone found
$ENVIRO.NS: possibly delisted; no timezone found
$EXIMROUTES.NS: possibly delisted; no timezone found
$ENKEIWHEL.NS: possibly delisted; no timezone found
$EXCELLENT.NS: possibly delisted; no timezone found

12 Failed downloads:
['ETML.NS', 'ENCOMPAS.NS', 'FINBUD.NS', 'EPWINDIA.NS', 'ETL.NS', 'FLYSBS.NS', 'ESPRIT.NS', 'FOCE.NS', 'ENVIRO.NS', 'EXIMROUTES.NS', 'ENKEIWHEL.NS', 'EXCELLENT.NS']: possibly delisted; no timezone found
  1000/3468    168s  eta  414s
$GAJANAND.NS: possibly delisted; no timezone found
$FRESHARA.NS: possibly delisted; no timezone found
$GJL.NS: possibly delisted; no timezone found
$GANGABATH.NS: possibly delisted; no timezone found
$FORGEAUTO.NS: possibly delisted; no timezone found
$FORCAS.NS: possibly delisted; no timezone found
$GKB.NS: possibly delisted; no price data found  (1d 2020-01-21 -> 2026-08-17)
$FWSTC.NS: possibly delisted; no timezone found
$GANESHIN.NS: possibly delisted; no timezone found
$GCHOTELS.NS: possibly delisted; no timezone found
$FREDUN.NS: possibly delisted; no timezone found
$GML.NS: possibly delisted; no timezone found
$GENXAI.NS: possibly delisted; no timezone found

13 Failed downloads:
['GAJANAND.NS', 'FRESHARA.NS', 'GJL.NS', 'GANGABATH.NS', 'FORGEAUTO.NS', 'FORCAS.NS', 'FWSTC.NS', 'GANESHIN.NS', 'GCHOTELS.NS', 'FREDUN.NS', 'GML.NS', 'GENXAI.NS']: possibly delisted; no timezone found
['GKB.NS']: possibly delisted; no price data found  (1d 2020-01-21 -> 2026-08-17)
  1100/3468    184s  eta  397s
$GREENLEAF.NS: possibly delisted; no timezone found

1 Failed download:
['GREENLEAF.NS']: possibly delisted; no timezone found
  1200/3468    198s  eta  374s
$HAPPY.NS: possibly delisted; no timezone found
$HINDADH.NS: possibly delisted; no timezone found
$HINDALUMI.NS: possibly delisted; no timezone found
$HBPOR.NS: possibly delisted; no timezone found
$GURUNANAK.NS: possibly delisted; no timezone found
$HAMPTON.NS: possibly delisted; no timezone found
$HAZOOR.NS: possibly delisted; no timezone found

7 Failed downloads:
['HAPPY.NS', 'HINDADH.NS', 'HINDALUMI.NS', 'HBPOR.NS', 'GURUNANAK.NS', 'HAMPTON.NS', 'HAZOOR.NS']: possibly delisted; no timezone found
  1300/3468    213s  eta  356s
$IDENTICAL.NS: possibly delisted; no timezone found
$INDOKEM.NS: possibly delisted; no timezone found
$ICELCO.NS: possibly delisted; no timezone found
$IDEALTECHO.NS: possibly delisted; no timezone found
$HVAX.NS: possibly delisted; no timezone found
$HRYNSHP.NS: possibly delisted; no timezone found
$HPTL.NS: possibly delisted; no timezone found

7 Failed downloads:
['IDENTICAL.NS', 'INDOKEM.NS', 'ICELCO.NS', 'IDEALTECHO.NS', 'HVAX.NS', 'HRYNSHP.NS', 'HPTL.NS']: possibly delisted; no timezone found
  1400/3468    231s  eta  342s
$ISTLTD.NS: possibly delisted; no timezone found
$IPHL.NS: possibly delisted; no timezone found
$INNOMET.NS: possibly delisted; no timezone found
$INVICTA.NS: possibly delisted; no timezone found
$JAINIK.NS: possibly delisted; no timezone found
$ITL.NS: possibly delisted; no timezone found
$INTEGRITY.NS: possibly delisted; no timezone found
$IPRINGLTD.NS: possibly delisted; no price data found  (1d 2020-01-21 -> 2026-08-17)
$IWARE.NS: possibly delisted; no timezone found
$INFLUX.NS: possibly delisted; no timezone found
$ITTL.NS: possibly delisted; no timezone found

11 Failed downloads:
['ISTLTD.NS', 'IPHL.NS', 'INNOMET.NS', 'INVICTA.NS', 'JAINIK.NS', 'ITL.NS', 'INTEGRITY.NS', 'IWARE.NS', 'INFLUX.NS', 'ITTL.NS']: possibly delisted; no timezone found
['IPRINGLTD.NS']: possibly delisted; no price data found  (1d 2020-01-21 -> 2026-08-17)
  1500/3468    248s  eta  326s
$JYOTIRES.NS: possibly delisted; no timezone found
$KANCOTEA.NS: possibly delisted; no timezone found
$JENBURPH.NS: possibly delisted; no timezone found
$JAYESH.NS: possibly delisted; no timezone found
$KATARIA.NS: possibly delisted; no timezone found
$KAYTEX.NS: possibly delisted; no timezone found
$JAYBEE.NS: possibly delisted; no timezone found
$JEYYAM.NS: possibly delisted; no timezone found
$KAMANWALA.NS: possibly delisted; no timezone found
$JYOTIGLOBL.NS: possibly delisted; no timezone found
$KALANA.NS: possibly delisted; no timezone found

11 Failed downloads:
['JYOTIRES.NS', 'KANCOTEA.NS', 'JENBURPH.NS', 'JAYESH.NS', 'KATARIA.NS', 'KAYTEX.NS', 'JAYBEE.NS', 'JEYYAM.NS', 'KAMANWALA.NS', 'JYOTIGLOBL.NS', 'KALANA.NS']: possibly delisted; no timezone found
  1600/3468    266s  eta  311s
$KRMAYURVED.NS: possibly delisted; no timezone found
$KKJEWELS.NS: possibly delisted; no timezone found
$KEN.NS: possibly delisted; no timezone found
$KSE.NS: possibly delisted; no price data found  (1d 2020-01-21 -> 2026-08-17)
$LADDERUP.NS: possibly delisted; no timezone found
$KMCSHIL.NS: possibly delisted; no timezone found
$KJMCFIN.NS: possibly delisted; no timezone found

7 Failed downloads:
['KRMAYURVED.NS', 'KKJEWELS.NS', 'KEN.NS', 'LADDERUP.NS', 'KMCSHIL.NS', 'KJMCFIN.NS']: possibly delisted; no timezone found
['KSE.NS']: possibly delisted; no price data found  (1d 2020-01-21 -> 2026-08-17)
  1700/3468    284s  eta  295s
$MACOBSTECH.NS: possibly delisted; no timezone found
$LAMOSAIC.NS: possibly delisted; no timezone found
$LOTUSCHO.NS: possibly delisted; no timezone found
$LAKSHMIMIL.NS: possibly delisted; no timezone found
$LAKSHYA.NS: possibly delisted; no timezone found
$LKPSEC.NS: possibly delisted; no timezone found
$LANCER.NS: possibly delisted; no timezone found
$LEENEE.NS: possibly delisted; no timezone found

8 Failed downloads:
['MACOBSTECH.NS', 'LAMOSAIC.NS', 'LOTUSCHO.NS', 'LAKSHMIMIL.NS', 'LAKSHYA.NS', 'LKPSEC.NS', 'LANCER.NS', 'LEENEE.NS']: possibly delisted; no timezone found
  1800/3468    299s  eta  277s
$MANBRO.NS: possibly delisted; no timezone found
$MEDICAPQ.NS: possibly delisted; no timezone found
$MAKERSL.NS: possibly delisted; no timezone found
$MEDISTEP.NS: possibly delisted; no timezone found
$MARUSHIKA.NS: possibly delisted; no timezone found
$MAYASHEEL.NS: possibly delisted; no timezone found
$MAXVOLT.NS: possibly delisted; no timezone found
$MANILAM.NS: possibly delisted; no timezone found

8 Failed downloads:
['MANBRO.NS', 'MEDICAPQ.NS', 'MAKERSL.NS', 'MEDISTEP.NS', 'MARUSHIKA.NS', 'MAYASHEEL.NS', 'MAXVOLT.NS', 'MANILAM.NS']: possibly delisted; no timezone found
  1900/3468    315s  eta  260s
$MIEL.NS: possibly delisted; no timezone found
$MMEL.NS: possibly delisted; no timezone found
$MOBILISE.NS: possibly delisted; no timezone found
$MGSL.NS: possibly delisted; no timezone found
$METALIC.NS: possibly delisted; no timezone found
$MOLBIO.NS: possibly delisted; no timezone found
$MOHITE.NS: possibly delisted; no timezone found
$MKEXIM.NS: possibly delisted; no timezone found
$MINALIND.NS: possibly delisted; no timezone found
$MLKFOOD.NS: possibly delisted; no timezone found
$MIIL.NS: possibly delisted; no timezone found

11 Failed downloads:
['MIEL.NS', 'MMEL.NS', 'MOBILISE.NS', 'MGSL.NS', 'METALIC.NS', 'MOLBIO.NS', 'MOHITE.NS', 'MKEXIM.NS', 'MINALIND.NS', 'MLKFOOD.NS', 'MIIL.NS']: possibly delisted; no timezone found
  2000/3468    328s  eta  241s
$NAMOEWASTE.NS: possibly delisted; no timezone found
$MSL.NS: possibly delisted; no price data found  (1d 2020-01-21 -> 2026-08-17)
$MUKESHB.NS: possibly delisted; no timezone found
$MYSORPETRO.NS: possibly delisted; no timezone found
$MONOLITH.NS: possibly delisted; no timezone found
$MUNISH.NS: possibly delisted; no timezone found
$MRIL.NS: possibly delisted; no timezone found
$MYMUDRA.NS: possibly delisted; no timezone found
$MPDL.NS: possibly delisted; no timezone found
$MPEL.NS: possibly delisted; no timezone found

10 Failed downloads:
['NAMOEWASTE.NS', 'MUKESHB.NS', 'MYSORPETRO.NS', 'MONOLITH.NS', 'MUNISH.NS', 'MRIL.NS', 'MYMUDRA.NS', 'MPDL.NS', 'MPEL.NS']: possibly delisted; no timezone found
['MSL.NS']: possibly delisted; no price data found  (1d 2020-01-21 -> 2026-08-17)
  2100/3468    343s  eta  223s
$NICCOPAR.NS: possibly delisted; no timezone found
$NTCIND.NS: possibly delisted; no timezone found
$NIKITA.NS: possibly delisted; no timezone found
$NRVANDANA.NS: possibly delisted; no timezone found
$OBSCP.NS: possibly delisted; no timezone found
$NEOCHEM.NS: possibly delisted; no timezone found
$NMSTEEL.NS: possibly delisted; no timezone found
$NFPSAMPOOR.NS: possibly delisted; no timezone found
$NEPTUNE.NS: possibly delisted; no timezone found
$NEELAM.NS: possibly delisted; no timezone found

10 Failed downloads:
['NICCOPAR.NS', 'NTCIND.NS', 'NIKITA.NS', 'NRVANDANA.NS', 'OBSCP.NS', 'NEOCHEM.NS', 'NMSTEEL.NS', 'NFPSAMPOOR.NS', 'NEPTUNE.NS', 'NEELAM.NS']: possibly delisted; no timezone found
  2200/3468    358s  eta  207s
$ONIXSOLAR.NS: possibly delisted; no timezone found
$PANCHMAHQ.NS: possibly delisted; no timezone found
$OPTIFIN.NS: possibly delisted; no timezone found
$PATILAUTOM.NS: possibly delisted; no timezone found
$OPTIVALUE.NS: possibly delisted; no timezone found
$PARAMPARA.NS: possibly delisted; no timezone found
$ONEGLOBAL.NS: possibly delisted; no timezone found
$PARNAXLAB.NS: possibly delisted; no timezone found
$OPTIMYSTIX.NS: possibly delisted; no timezone found
$PARAMOUNT.NS: possibly delisted; no timezone found
$OSELDEVICE.NS: possibly delisted; no timezone found
$PARTH.NS: possibly delisted; no timezone found
$ORIRAIL.NS: possibly delisted; no timezone found
$ODYCORP.NS: possibly delisted; no timezone found
$ONYX.NS: possibly delisted; no timezone found
$PARAMATRIX.NS: possibly delisted; no timezone found
$PANORAMA.NS: possibly delisted; no timezone found
$PACIFICI.NS: possibly delisted; no timezone found
$PBMPOLY.NS: possibly delisted; no timezone found

19 Failed downloads:
['ONIXSOLAR.NS', 'PANCHMAHQ.NS', 'OPTIFIN.NS', 'PATILAUTOM.NS', 'OPTIVALUE.NS', 'PARAMPARA.NS', 'ONEGLOBAL.NS', 'PARNAXLAB.NS', 'OPTIMYSTIX.NS', 'PARAMOUNT.NS', 'OSELDEVICE.NS', 'PARTH.NS', 'ORIRAIL.NS', 'ODYCORP.NS', 'ONYX.NS', 'PARAMATRIX.NS', 'PANORAMA.NS', 'PACIFICI.NS', 'PBMPOLY.NS']: possibly delisted; no timezone found
  2300/3468    376s  eta  191s
$PERMAGN.NS: possibly delisted; no timezone found
$PHOENXINTL.NS: possibly delisted; no timezone found
$PREMIUM.NS: possibly delisted; no timezone found
$POSITRON.NS: possibly delisted; no timezone found
$PRIMECAB.NS: possibly delisted; no timezone found
$PPSL.NS: possibly delisted; no timezone found
$PRANIK.NS: possibly delisted; no timezone found
$POEL.NS: possibly delisted; no timezone found
$PELATRO.NS: possibly delisted; no timezone found
$PHOGLOBAL.NS: possibly delisted; no timezone found
$POLYSPIN.NS: possibly delisted; no timezone found

11 Failed downloads:
['PERMAGN.NS', 'PHOENXINTL.NS', 'PREMIUM.NS', 'POSITRON.NS', 'PRIMECAB.NS', 'PPSL.NS', 'PRANIK.NS', 'POEL.NS', 'PELATRO.NS', 'PHOGLOBAL.NS', 'POLYSPIN.NS']: possibly delisted; no timezone found
  2400/3468    393s  eta  175s
$PROFX.NS: possibly delisted; no timezone found
$RAJPUTANA.NS: possibly delisted; no timezone found
$RAPIDFLEET.NS: possibly delisted; no timezone found
$QVCEL.NS: possibly delisted; no timezone found
$QLINE.NS: possibly delisted; no timezone found
$PUSHPA.NS: possibly delisted; no timezone found
$PRISMX.NS: possibly delisted; no timezone found
$PROPSHOP.NS: possibly delisted; no timezone found
$PSRAJ.NS: possibly delisted; no timezone found
$RAJINDLTD.NS: possibly delisted; no timezone found
$PURPLEUTED.NS: possibly delisted; no timezone found
$PSFL.NS: possibly delisted; no timezone found
$RAPPID.NS: possibly delisted; no timezone found

13 Failed downloads:
['PROFX.NS', 'RAJPUTANA.NS', 'RAPIDFLEET.NS', 'QVCEL.NS', 'QLINE.NS', 'PUSHPA.NS', 'PRISMX.NS', 'PROPSHOP.NS', 'PSRAJ.NS', 'RAJINDLTD.NS', 'PURPLEUTED.NS', 'PSFL.NS', 'RAPPID.NS']: possibly delisted; no timezone found
  2500/3468    410s  eta  159s
$READYMIX.NS: possibly delisted; no timezone found
$RFBL.NS: possibly delisted; no timezone found
$RICHA.NS: possibly delisted; no timezone found
$REXPRO.NS: possibly delisted; no timezone found
$ROYALARC.NS: possibly delisted; no timezone found
$RRECL.NS: possibly delisted; no timezone found
$RTSPOWR.NS: possibly delisted; no timezone found
$RTL.NS: possibly delisted; no timezone found
$RNPL.NS: possibly delisted; no timezone found
$RNFI.NS: possibly delisted; no timezone found

10 Failed downloads:
['READYMIX.NS', 'RFBL.NS', 'RICHA.NS', 'REXPRO.NS', 'ROYALARC.NS', 'RRECL.NS', 'RTSPOWR.NS', 'RTL.NS', 'RNPL.NS', 'RNFI.NS']: possibly delisted; no timezone found
  2600/3468    427s  eta  143s
$SACHEEROME.NS: possibly delisted; no timezone found
$SAMBANDAM.NS: possibly delisted; no price data found  (1d 2020-01-21 -> 2026-08-17)
$SAMAY.NS: possibly delisted; no timezone found
$SAICAPI.NS: possibly delisted; no timezone found
$SAHASRA.NS: possibly delisted; no timezone found
$SAVY.NS: possibly delisted; no timezone found
$SAWALIYA.NS: possibly delisted; no timezone found
$SATTVAENGG.NS: possibly delisted; no timezone found
$SAYAJIIND.NS: possibly delisted; no timezone found
$SATECH.NS: possibly delisted; no timezone found
$SATKARTAR.NS: possibly delisted; no timezone found
$SAFEENTP.NS: possibly delisted; no timezone found
$SAJHOTELS.NS: possibly delisted; no timezone found
$SAB.NS: possibly delisted; no timezone found

14 Failed downloads:
['SACHEEROME.NS', 'SAMAY.NS', 'SAICAPI.NS', 'SAHASRA.NS', 'SAVY.NS', 'SAWALIYA.NS', 'SATTVAENGG.NS', 'SAYAJIIND.NS', 'SATECH.NS', 'SATKARTAR.NS', 'SAFEENTP.NS', 'SAJHOTELS.NS', 'SAB.NS']: possibly delisted; no timezone found
['SAMBANDAM.NS']: possibly delisted; no price data found  (1d 2020-01-21 -> 2026-08-17)
  2700/3468    443s  eta  126s
$SHIVASHRIT.NS: possibly delisted; no timezone found
$SELLOWRAP.NS: possibly delisted; no timezone found
$SGLRES.NS: possibly delisted; no timezone found
$SHIVACEM.NS: possibly delisted; no timezone found
$SHKSIL.NS: possibly delisted; no timezone found
$SFML.NS: possibly delisted; no timezone found
$SHETHJI.NS: possibly delisted; no timezone found
$SHEEL.NS: possibly delisted; no timezone found
$SHERVANI.NS: possibly delisted; no timezone found
$SDREAMS.NS: possibly delisted; no timezone found
$SGRL.NS: possibly delisted; no timezone found
$SEKURITIND.NS: possibly delisted; no timezone found
$SHIVAAGRO.NS: possibly delisted; no timezone found
$SHREEDHAR.NS: possibly delisted; no timezone found
$SHILGRAVQ.NS: possibly delisted; no timezone found
$SHRADDHA.NS: possibly delisted; no timezone found

16 Failed downloads:
['SHIVASHRIT.NS', 'SELLOWRAP.NS', 'SGLRES.NS', 'SHIVACEM.NS', 'SHKSIL.NS', 'SFML.NS', 'SHETHJI.NS', 'SHEEL.NS', 'SHERVANI.NS', 'SDREAMS.NS', 'SGRL.NS', 'SEKURITIND.NS', 'SHIVAAGRO.NS', 'SHREEDHAR.NS', 'SHILGRAVQ.NS', 'SHRADDHA.NS']: possibly delisted; no timezone found
  2800/3468    461s  eta  110s
$SIEL.NS: possibly delisted; no price data found  (1d 2020-01-21 -> 2026-08-17)
$SHRJAGP.NS: possibly delisted; no timezone found
$SMARTEN.NS: possibly delisted; no timezone found
$SHUBHSHREE.NS: possibly delisted; no timezone found
$SNEHAA.NS: possibly delisted; no timezone found
$SIMCA.NS: possibly delisted; no timezone found
$SOCL.NS: possibly delisted; no timezone found
$SHRIAHIMSA.NS: possibly delisted; no timezone found
$SILKY.NS: possibly delisted; no timezone found
$SHYAMDHANI.NS: possibly delisted; no timezone found
$SHRIKANHA.NS: possibly delisted; no timezone found
$SIMPLXREA.NS: possibly delisted; no timezone found
$SIDDHICOTS.NS: possibly delisted; no timezone found

13 Failed downloads:
['SIEL.NS']: possibly delisted; no price data found  (1d 2020-01-21 -> 2026-08-17)
['SHRJAGP.NS', 'SMARTEN.NS', 'SHUBHSHREE.NS', 'SNEHAA.NS', 'SIMCA.NS', 'SOCL.NS', 'SHRIAHIMSA.NS', 'SILKY.NS', 'SHYAMDHANI.NS', 'SHRIKANHA.NS', 'SIMPLXREA.NS', 'SIDDHICOTS.NS']: possibly delisted; no timezone found
  2900/3468    477s  eta   93s
$SPELS.NS: possibly delisted; no timezone found
$SPCON.NS: possibly delisted; no timezone found
$SUNSHIEL.NS: possibly delisted; no timezone found
$SUNLOC.NS: possibly delisted; no timezone found
$STRIDERS.NS: possibly delisted; no timezone found
$SPUNWEB.NS: possibly delisted; no timezone found
$SUBAHOTELS.NS: possibly delisted; no timezone found
$STLSTRINF.NS: possibly delisted; no timezone found
$SRIKPRIND.NS: possibly delisted; no timezone found
$SUNLITE.NS: possibly delisted; no timezone found
$SPPPOLY.NS: possibly delisted; no timezone found
$SUNTECH.NS: possibly delisted; no timezone found
$STUDIOLSD.NS: possibly delisted; no timezone found
$SUNRAKSHAK.NS: possibly delisted; no timezone found
$SSEGL.NS: possibly delisted; no timezone found
$SPEB.NS: possibly delisted; no timezone found
$SUMEDHA.NS: possibly delisted; no timezone found

17 Failed downloads:
['SPELS.NS', 'SPCON.NS', 'SUNSHIEL.NS', 'SUNLOC.NS', 'STRIDERS.NS', 'SPUNWEB.NS', 'SUBAHOTELS.NS', 'STLSTRINF.NS', 'SRIKPRIND.NS', 'SUNLITE.NS', 'SPPPOLY.NS', 'SUNTECH.NS', 'STUDIOLSD.NS', 'SUNRAKSHAK.NS', 'SSEGL.NS', 'SPEB.NS', 'SUMEDHA.NS']: possibly delisted; no timezone found
  3000/3468    497s  eta   77s
$TEAMTECH.NS: possibly delisted; no timezone found
$TAURIAN.NS: possibly delisted; no timezone found
$TECHD.NS: possibly delisted; no timezone found
$TECHERA.NS: possibly delisted; no timezone found
$SWISSMLTRY.NS: possibly delisted; no timezone found
$TANAA.NS: possibly delisted; no timezone found
$SVGLOBAL.NS: possibly delisted; no timezone found
$TANKUP.NS: possibly delisted; no timezone found
$SUPTANERY.NS: possibly delisted; no timezone found
$SWARNSAR.NS: possibly delisted; no timezone found

10 Failed downloads:
['TEAMTECH.NS', 'TAURIAN.NS', 'TECHD.NS', 'TECHERA.NS', 'SWISSMLTRY.NS', 'TANAA.NS', 'SVGLOBAL.NS', 'TANKUP.NS', 'SUPTANERY.NS', 'SWARNSAR.NS']: possibly delisted; no timezone found
  3100/3468    517s  eta   61s
$TRITONV.NS: possibly delisted; no timezone found
$TRANSCOR.NS: possibly delisted; no timezone found
$TOYAMSL.NS: possibly delisted; no timezone found
$TSC.NS: possibly delisted; no timezone found
$TUTIALKA.NS: possibly delisted; no timezone found
$THESL.NS: possibly delisted; no timezone found
$TGVSL.NS: possibly delisted; no timezone found
$TEJA.NS: possibly delisted; no timezone found
$TERAI.NS: possibly delisted; no timezone found
$TEJASCARGO.NS: possibly delisted; no timezone found
$TROM.NS: possibly delisted; no timezone found

11 Failed downloads:
['TRITONV.NS', 'TRANSCOR.NS', 'TOYAMSL.NS', 'TSC.NS', 'TUTIALKA.NS', 'THESL.NS', 'TGVSL.NS', 'TEJA.NS', 'TERAI.NS', 'TEJASCARGO.NS', 'TROM.NS']: possibly delisted; no timezone found
  3200/3468    538s  eta   45s
$VADILENT.NS: possibly delisted; no timezone found
$UTSSAV.NS: possibly delisted; no timezone found
$VEDAVAAG.NS: possibly delisted; no timezone found
$UDAYJEW.NS: possibly delisted; no timezone found
$VDEAL.NS: possibly delisted; no timezone found
$UTKAL.NS: possibly delisted; no timezone found
$USHAFIN.NS: possibly delisted; no timezone found
$UHTL.NS: possibly delisted; no timezone found
$UNILEX.NS: possibly delisted; no timezone found
$UPHOT.NS: possibly delisted; no timezone found
$VALUE360.NS: possibly delisted; no timezone found
$VASUPRADA.NS: possibly delisted; no timezone found

12 Failed downloads:
['VADILENT.NS', 'UTSSAV.NS', 'VEDAVAAG.NS', 'UDAYJEW.NS', 'VDEAL.NS', 'UTKAL.NS', 'USHAFIN.NS', 'UHTL.NS', 'UNILEX.NS', 'UPHOT.NS', 'VALUE360.NS', 'VASUPRADA.NS']: possibly delisted; no timezone found
  3300/3468    557s  eta   28s
$VTMLTD.NS: possibly delisted; no timezone found
$VMOBILE.NS: possibly delisted; no timezone found
$VOLERCAR.NS: possibly delisted; no timezone found
$WATERBASE.NS: possibly delisted; no timezone found
$VIESL.NS: possibly delisted; no timezone found
$VIVOBIOT.NS: possibly delisted; no timezone found
$VIGOR.NS: possibly delisted; no timezone found
$VIRTUALG.NS: possibly delisted; no timezone found
$VIRAT.NS: possibly delisted; no timezone found
$VLINFRA.NS: possibly delisted; no timezone found
$VICTORYEV.NS: possibly delisted; no timezone found
$VGINFOTECH.NS: possibly delisted; no timezone found
$VGCL.NS: possibly delisted; no timezone found
$VOITHPAPR.NS: possibly delisted; no timezone found
$WARDINMOBI.NS: possibly delisted; no timezone found
$VISDEM.NS: possibly delisted; no timezone found
$VIJSOLX.NS: possibly delisted; no timezone found
$VIJAYPD.NS: possibly delisted; no timezone found
$VIVIDEL.NS: possibly delisted; no timezone found

19 Failed downloads:
['VTMLTD.NS', 'VMOBILE.NS', 'VOLERCAR.NS', 'WATERBASE.NS', 'VIESL.NS', 'VIVOBIOT.NS', 'VIGOR.NS', 'VIRTUALG.NS', 'VIRAT.NS', 'VLINFRA.NS', 'VICTORYEV.NS', 'VGINFOTECH.NS', 'VGCL.NS', 'VOITHPAPR.NS', 'WARDINMOBI.NS', 'VISDEM.NS', 'VIJSOLX.NS', 'VIJAYPD.NS', 'VIVIDEL.NS']: possibly delisted; no timezone found
  3400/3468    576s  eta   12s
$YOGI.NS: possibly delisted; no price data found  (1d 2020-01-21 -> 2026-08-17)
$WOL3D.NS: possibly delisted; no timezone found
$WHITEFORCE.NS: possibly delisted; no timezone found
$WHBRADY.NS: possibly delisted; no timezone found
$YAAP.NS: possibly delisted; no timezone found

5 Failed downloads:
['YOGI.NS']: possibly delisted; no price data found  (1d 2020-01-21 -> 2026-08-17)
['WOL3D.NS', 'WHITEFORCE.NS', 'WHBRADY.NS', 'YAAP.NS']: possibly delisted; no timezone found
  3468/3468    589s  eta    0s

[36m==================================================================
== 3. result
==================================================================[0m
  [32mok  [0m 3,065 cached, 403 no data, 0 errors, 590s
       0.170s per symbol (the serialised path was ~0.45s)
       symbols without data written to /opt/breakoutscanner/data_cache/prefetch_no_data.txt
       e.g. AAKAAR, AARADHYA, ABHAPOWER, ACCPL, ACETEC, ACGL, ACTIVEINFR, ADDICTIVE

  [1mNow run the build. It should read cache and finish in a fraction of
  the time — that comparison is the point, so time it:[0m

      time sudo -u breakout /opt/breakoutscanner/.venv/bin/python \
        /opt/breakoutscanner/build_snapshot.py --symbols-file /opt/breakoutscanner/nse_all_equity.txt

  [33mIf it is still slow, the cache is being rejected rather than missing,
  and the min_rows threshold is the next thing to change — not this.[0m
--- building snapshot ---
Nifty Capital Markets: no constituent file found (24 URLs tried)
  [32mok[0m  302 symbols classified as ETFs/funds (data_cache/nse_funds.txt)

[36m== building snapshot: /opt/breakoutscanner/nse_all_equity.txt ==[0m
  /opt/breakoutscanner/nse_all_equity.txt: 3468 symbols
  skipping 403 symbol(s) prefetch found no data for (it retries them on its next run)
  breakout detector: detect_breakout(df, symbol, timeframe, cfg, mode, vol_mult, lookback, atr_period, atr_mult, direction_filter)
  25/3065      4s  eta  507s
  50/3065      8s  eta  467s
  75/3065     12s  eta  462s
  100/3065     15s  eta  454s
  125/3065     19s  eta  456s
  150/3065     23s  eta  455s
  175/3065     27s  eta  448s
  200/3065     31s  eta  441s
  225/3065     35s  eta  438s
  250/3065     39s  eta  439s
  275/3065     43s  eta  434s
  300/3065     46s  eta  426s
  325/3065     50s  eta  421s
  350/3065     53s  eta  414s
  375/3065     57s  eta  407s
  400/3065     60s  eta  401s
  425/3065     63s  eta  394s
  450/3065     67s  eta  387s
  475/3065     70s  eta  380s
  500/3065     73s  eta  376s
  525/3065     77s  eta  373s
  550/3065     81s  eta  371s
  575/3065     85s  eta  367s
  600/3065     89s  eta  365s
  625/3065     93s  eta  361s
  650/3065     96s  eta  357s
  675/3065    100s  eta  354s
  700/3065    104s  eta  350s
  725/3065    107s  eta  345s
  750/3065    111s  eta  342s
  775/3065    115s  eta  339s
  800/3065    118s  eta  334s
  825/3065    122s  eta  330s
  850/3065    125s  eta  326s
  875/3065    129s  eta  322s
  900/3065    134s  eta  323s
  925/3065    140s  eta  323s
  950/3065    143s  eta  319s
  975/3065    147s  eta  315s
  1000/3065    150s  eta  310s
  1025/3065    154s  eta  306s
  1050/3065    157s  eta  302s
  1075/3065    162s  eta  299s
  1100/3065    165s  eta  295s
  1125/3065    169s  eta  291s
  1150/3065    172s  eta  287s
Traceback (most recent call last):
  File "/opt/breakoutscanner/build_snapshot.py", line 1012, in <module>
    sys.exit(main())
             ^^^^^^
  File "/opt/breakoutscanner/build_snapshot.py", line 988, in main
    df = build(a.universe, limit=a.limit, symbols_file=a.symbols_file)
         ^^^^^^^^^^^^^^^^^^^^^^^^^^^^^^^^^^^^^^^^^^^^^^^^^^^^^^^^^^^^^
  File "/opt/breakoutscanner/build_snapshot.py", line 527, in build
    m.update(P.compute_patterns(bars, nifty))
             ^^^^^^^^^^^^^^^^^^^^^^^^^^^^^^^
  File "/opt/breakoutscanner/patterns.py", line 388, in compute_patterns
    row.update(rs_line_new_high(df, index_df))
               ^^^^^^^^^^^^^^^^^^^^^^^^^^^^^^
  File "/opt/breakoutscanner/patterns.py", line 357, in rs_line_new_high
    idx = index_df["close"].reindex(df.index).ffill()
          ^^^^^^^^^^^^^^^^^^^^^^^^^^^^^^^^^^^^^^^^^^^
  File "/opt/breakoutscanner/.venv/lib/python3.12/site-packages/pandas/core/generic.py", line 7620, in ffill
    return self._pad_or_backfill(
           ^^^^^^^^^^^^^^^^^^^^^^
  File "/opt/breakoutscanner/.venv/lib/python3.12/site-packages/pandas/core/generic.py", line 7111, in _pad_or_backfill
    new_mgr = self._mgr.pad_or_backfill(
              ^^^^^^^^^^^^^^^^^^^^^^^^^^
  File "/opt/breakoutscanner/.venv/lib/python3.12/site-packages/pandas/core/internals/base.py", line 300, in pad_or_backfill
    return self.apply_with_block(
           ^^^^^^^^^^^^^^^^^^^^^^
  File "/opt/breakoutscanner/.venv/lib/python3.12/site-packages/pandas/core/internals/managers.py", line 363, in apply
    applied = getattr(b, f)(**kwargs)
              ^^^^^^^^^^^^^^^^^^^^^^^
  File "/opt/breakoutscanner/.venv/lib/python3.12/site-packages/pandas/core/internals/blocks.py", line 1797, in pad_or_backfill
    new_values = vals._pad_or_backfill(
                 ^^^^^^^^^^^^^^^^^^^^^^
  File "/opt/breakoutscanner/.venv/lib/python3.12/site-packages/pandas/core/arrays/numpy_.py", line 268, in _pad_or_backfill
    out_data = self._ndarray.copy()
               ^^^^^^^^^^^^^^^^^^^^
KeyboardInterrupt
=== nightly build started 2026-08-16T08:34:49+00:00 ===
--- refreshing universe ---

[36m==================================================================
== 1. fetching every NSE instrument
==================================================================[0m
  [32mok  [0m 114,870 instruments in the dump

  everything Kite tags segment=NSE instrument_type=EQ,
  broken down by SERIES (the suffix after the hyphen):

    SG                     4298   [33mdropped (debt/other)[0m
    EQ (no suffix)         2977   [32mKEPT[0m
    N0                      977   [33mdropped (debt/other)[0m
    SM                      439   [32mKEPT[0m
    BE                      230   [32mKEPT[0m
    GS                      130   [33mdropped (debt/other)[0m
    ST                      120   [32mKEPT[0m
    N1                      107   [33mdropped (debt/other)[0m
    TB                       84   [33mdropped (debt/other)[0m
    SF                       50   [33mdropped (debt/other)[0m
    GB                       45   [33mdropped (debt/other)[0m
    BZ                       38   [32mKEPT[0m
    N2                       37   [33mdropped (debt/other)[0m
    N3                       29   [33mdropped (debt/other)[0m

  [1m3,466 equities kept, 6,257 dropped[0m

  KSHINTL present: [1mTrue[0m
  sample: 20MICRONS, 21STCENMGM, 360ONE, 3BBLACKBIO, 3IINFOLTD, 3MINDIA, 3PLAND, 5PAISA, 63MOONS, A2ZINFRA ...

[36m==================================================================
== 2. how much is currently invisible
==================================================================[0m
  5 index list(s) consulted (excluding 'NSE All Equity' itself)
  scannable today      752
  [1mnewly scannable      2,716[0m

  a few that were invisible: 20MICRONS, 21STCENMGM, 3BBLACKBIO, 3IINFOLTD, 3PLAND, 5PAISA, 63MOONS, A2ZINFRA, AAATECH, AAKAAR, AAKASH, AARADHYA ...

  [33m2 symbol(s) are in your NIFTY indices but NOT in the equity dump:[0m
    DUMMYINXGN, DUMMYTRVN
  [32madded them — the universe is now a strict superset of the tradeable names you scan today[0m

[36m==================================================================
== 3. output
==================================================================[0m
  /opt/breakoutscanner/nse_all_equity.txt
  [32mok  [0m wrote 3,468 symbols (28,729 bytes)
  [32mok  [0m re-read cleanly; KSHINTL is in the list

[36m==================================================================
== next
==================================================================[0m
  Try a slice first — 2,000 symbols on a 512 MB box is a real risk:

    sudo -u breakout /opt/breakoutscanner/.venv/bin/python \
      /opt/breakoutscanner/build_snapshot.py \
      --symbols-file /opt/breakoutscanner/nse_all_equity.txt --limit 300

  If that completes, drop --limit for the full run. Watch it the first
  time. [33mAn OOM kill stops it mid-build, and a truncated snapshot is the
  silent-wrong failure we have spent this session removing.[0m

  Then confirm the stock that started this:

    sudo -u breakout /opt/breakoutscanner/.venv/bin/python \
      /opt/breakoutscanner/diagnose_symbol.py KSHINTL
universe: 3468 symbols
--- prefetching price cache ---
$ABHAPOWER.NS: possibly delisted; no timezone found
HTTP Error 404: {"quoteSummary":{"result":null,"error":{"code":"Not Found","description":"Quote not found for symbol: ACGL.NS"}}}
$ACGL.NS: possibly delisted; no timezone found
$AERON.NS: possibly delisted; no timezone found
$ADVIKCA.NS: possibly delisted; no timezone found
$AAKAAR.NS: possibly delisted; no timezone found
$ACETEC.NS: possibly delisted; no timezone found
$ACTIVEINFR.NS: possibly delisted; no timezone found
$ADDICTIVE.NS: possibly delisted; no timezone found
$ADDIND.NS: possibly delisted; no timezone found
$AESTHETIK.NS: possibly delisted; no timezone found
$ADISOFT.NS: possibly delisted; no timezone found
$ACCPL.NS: possibly delisted; no timezone found
$AARADHYA.NS: possibly delisted; no timezone found

13 Failed downloads:
['ABHAPOWER.NS', 'ACGL.NS', 'AERON.NS', 'ADVIKCA.NS', 'AAKAAR.NS', 'ACETEC.NS', 'ACTIVEINFR.NS', 'ADDICTIVE.NS', 'ADDIND.NS', 'AESTHETIK.NS', 'ADISOFT.NS', 'ACCPL.NS', 'AARADHYA.NS']: possibly delisted; no timezone found
  [33mwarn[0m --app points at the ORIGINAL app, not the lab.
  [33mwarn[0m That is allowed but not the default. Ctrl-C now if unintended.

[36m==================================================================
== 1. wiring  (/opt/breakoutscanner)
==================================================================[0m
  [32mok  [0m yfinance 1.5.2, pandas 2.3.3
  [32mok  [0m cache dir /opt/breakoutscanner/data_cache/prices_daily
  [32mok  [0m yahoo_ticker and _normalize_ohlcv available
  [32mok  [0m 3,468 symbols from nse_all_equity.txt

  window     2020-01-21 -> 2026-08-17  (2400 calendar days)
  batches    35 x 100
  [1mvs the current path: 3,468 serialised requests[0m

[36m==================================================================
== 2. fetching
==================================================================[0m
  100/3468     18s  eta  603s
$ALUFLUOR.NS: possibly delisted; no timezone found
$AMARJOTHI.NS: possibly delisted; no price data found  (1d 2020-01-21 -> 2026-08-17)
$AKANKSHA.NS: possibly delisted; no timezone found
$ANONDITA.NS: possibly delisted; no timezone found
$ALCODIS.NS: possibly delisted; no timezone found
$ANDREWYU.NS: possibly delisted; no timezone found
$AMAL.NS: possibly delisted; no timezone found
$AMBANIORGO.NS: possibly delisted; no timezone found
$ANSALBU.NS: possibly delisted; no timezone found
$AMBAAUTO.NS: possibly delisted; no timezone found
$ANAWIL.NS: possibly delisted; no timezone found
$AGARWALTUF.NS: possibly delisted; no timezone found
$ALFREDHE.NS: possibly delisted; no timezone found
$AMCL.NS: possibly delisted; no timezone found

14 Failed downloads:
['ALUFLUOR.NS', 'AKANKSHA.NS', 'ANONDITA.NS', 'ALCODIS.NS', 'ANDREWYU.NS', 'AMAL.NS', 'AMBANIORGO.NS', 'ANSALBU.NS', 'AMBAAUTO.NS', 'ANAWIL.NS', 'AGARWALTUF.NS', 'ALFREDHE.NS', 'AMCL.NS']: possibly delisted; no timezone found
['AMARJOTHI.NS']: possibly delisted; no price data found  (1d 2020-01-21 -> 2026-08-17)
  200/3468     35s  eta  572s
$ARCIIL.NS: possibly delisted; no timezone found
$ARCL.NS: possibly delisted; no timezone found
$ASSAMENT.NS: possibly delisted; no timezone found
$ARUNAYA.NS: possibly delisted; no timezone found
$APSISAERO.NS: possibly delisted; no timezone found
$ARMOUR.NS: possibly delisted; no timezone found
$ANYA.NS: possibly delisted; no timezone found
$ASHALOG.NS: possibly delisted; no timezone found
$ARVINDPORT.NS: possibly delisted; no timezone found
$APEXECO.NS: possibly delisted; no timezone found
$ASHWINI.NS: possibly delisted; no timezone found
$APRAMEYA.NS: possibly delisted; no timezone found
$ARHAM.NS: possibly delisted; no timezone found
$ARYAMAN.NS: possibly delisted; no timezone found
$ASIANTNE.NS: possibly delisted; no timezone found
$APOORVA.NS: possibly delisted; no timezone found
$ATCENERGY.NS: possibly delisted; no timezone found

17 Failed downloads:
['ARCIIL.NS', 'ARCL.NS', 'ASSAMENT.NS', 'ARUNAYA.NS', 'APSISAERO.NS', 'ARMOUR.NS', 'ANYA.NS', 'ASHALOG.NS', 'ARVINDPORT.NS', 'APEXECO.NS', 'ASHWINI.NS', 'APRAMEYA.NS', 'ARHAM.NS', 'ARYAMAN.NS', 'ASIANTNE.NS', 'APOORVA.NS', 'ATCENERGY.NS']: possibly delisted; no timezone found
  300/3468     53s  eta  557s
$AVATAR.NS: possibly delisted; no timezone found
$AUSTENG.NS: possibly delisted; no timezone found
$AVANCE.NS: possibly delisted; no timezone found
$AZADIND.NS: possibly delisted; no timezone found
$AVIANSH.NS: possibly delisted; no timezone found
$BARFLEX.NS: possibly delisted; no timezone found
$BALCO.NS: possibly delisted; no timezone found
$AVIENCE.NS: possibly delisted; no timezone found
$AVANA.NS: possibly delisted; no timezone found
$AXTEL.NS: possibly delisted; no timezone found
$BAGDIGITAL.NS: possibly delisted; no timezone found
$AUSL.NS: possibly delisted; no timezone found
$BALAJIPHOS.NS: possibly delisted; no timezone found

13 Failed downloads:
['AVATAR.NS', 'AUSTENG.NS', 'AVANCE.NS', 'AZADIND.NS', 'AVIANSH.NS', 'BARFLEX.NS', 'BALCO.NS', 'AVIENCE.NS', 'AVANA.NS', 'AXTEL.NS', 'BAGDIGITAL.NS', 'AUSL.NS', 'BALAJIPHOS.NS']: possibly delisted; no timezone found
  400/3468     70s  eta  534s
$BIOPOL.NS: possibly delisted; no timezone found
$BLUECLOUDS.NS: possibly delisted; no timezone found
$BLUEWATER.NS: possibly delisted; no timezone found
$BIKEWO.NS: possibly delisted; no timezone found
$BHADORA.NS: possibly delisted; no timezone found
$BMLL.NS: possibly delisted; no timezone found
$BENARAS.NS: possibly delisted; no timezone found

7 Failed downloads:
['BIOPOL.NS', 'BLUECLOUDS.NS', 'BLUEWATER.NS', 'BIKEWO.NS', 'BHADORA.NS', 'BMLL.NS', 'BENARAS.NS']: possibly delisted; no timezone found
  500/3468     86s  eta  510s
$CHANDAN.NS: possibly delisted; no timezone found
$BULKCORP.NS: possibly delisted; no timezone found
$CFEL.NS: possibly delisted; no timezone found
$CHETANA.NS: possibly delisted; no timezone found
$C2C.NS: possibly delisted; no timezone found
$CEDAAR.NS: possibly delisted; no timezone found
$BRANDMAN.NS: possibly delisted; no timezone found
$BOSS.NS: possibly delisted; no timezone found
$BRIGHTBR.NS: possibly delisted; no timezone found
$BPLPHARMA.NS: possibly delisted; no timezone found
$CGVAK.NS: possibly delisted; no timezone found
$BRAHMINFRA.NS: possibly delisted; no timezone found
$CHAMUNDA.NS: possibly delisted; no timezone found
$CHEMCRUX.NS: possibly delisted; no timezone found
$BRACEPORT.NS: possibly delisted; no timezone found

15 Failed downloads:
['CHANDAN.NS', 'BULKCORP.NS', 'CFEL.NS', 'CHETANA.NS', 'C2C.NS', 'CEDAAR.NS', 'BRANDMAN.NS', 'BOSS.NS', 'BRIGHTBR.NS', 'BPLPHARMA.NS', 'CGVAK.NS', 'BRAHMINFRA.NS', 'CHAMUNDA.NS', 'CHEMCRUX.NS', 'BRACEPORT.NS']: possibly delisted; no timezone found
  600/3468    104s  eta  495s
$COMPEAU.NS: possibly delisted; no timezone found
$CKKRETAIL.NS: possibly delisted; no timezone found
$CRSL.NS: possibly delisted; no price data found  (1d 2020-01-21 -> 2026-08-17)
$CURRENT.NS: possibly delisted; no timezone found
$CSSL.NS: possibly delisted; no timezone found
$CURIS.NS: possibly delisted; no timezone found
$CUDML.NS: possibly delisted; no timezone found
$CONNPLEX.NS: possibly delisted; no timezone found
$CLASSICEIL.NS: possibly delisted; no timezone found
$CRAVATEX.NS: possibly delisted; no timezone found
$CLAYCRAFT.NS: possibly delisted; no timezone found

11 Failed downloads:
['COMPEAU.NS', 'CKKRETAIL.NS', 'CURRENT.NS', 'CSSL.NS', 'CURIS.NS', 'CUDML.NS', 'CONNPLEX.NS', 'CLASSICEIL.NS', 'CRAVATEX.NS', 'CLAYCRAFT.NS']: possibly delisted; no timezone found
['CRSL.NS']: possibly delisted; no price data found  (1d 2020-01-21 -> 2026-08-17)
  700/3468    119s  eta  472s
$DHOOTTRANS.NS: possibly delisted; no timezone found
$DANISH.NS: possibly delisted; no timezone found
$DECCANTRAN.NS: possibly delisted; no timezone found
$DHABRIYA.NS: possibly delisted; no timezone found
$DHANSA.NS: possibly delisted; no timezone found
$DHATRE.NS: possibly delisted; no timezone found
$DELTIC.NS: possibly delisted; no timezone found
$DHARARAIL.NS: possibly delisted; no timezone found
$DCCL.NS: possibly delisted; no timezone found
$DIRL.NS: possibly delisted; no timezone found
$DEEP.NS: possibly delisted; no price data found  (1d 2020-01-21 -> 2026-08-17)
$DIVYADHAN.NS: possibly delisted; no timezone found
$DHARIWAL.NS: possibly delisted; no timezone found
$DIVINEHIRA.NS: possibly delisted; no timezone found

14 Failed downloads:
['DHOOTTRANS.NS', 'DANISH.NS', 'DECCANTRAN.NS', 'DHABRIYA.NS', 'DHANSA.NS', 'DHATRE.NS', 'DELTIC.NS', 'DHARARAIL.NS', 'DCCL.NS', 'DIRL.NS', 'DIVYADHAN.NS', 'DHARIWAL.NS', 'DIVINEHIRA.NS']: possibly delisted; no timezone found
['DEEP.NS']: possibly delisted; no price data found  (1d 2020-01-21 -> 2026-08-17)
  800/3468    137s  eta  456s
$EMPIND.NS: possibly delisted; no timezone found
$ECOLINE.NS: possibly delisted; no timezone found
$EKI.NS: possibly delisted; no timezone found
$EBIX.NS: possibly delisted; no timezone found
$ELGNZ.NS: possibly delisted; no timezone found
$ECORECO.NS: possibly delisted; no timezone found
$EEPL.NS: possibly delisted; no timezone found
$DRSCARGO.NS: possibly delisted; no timezone found
$DUMMYINXGN.NS: possibly delisted; no timezone found
$DUMMYTRVN.NS: possibly delisted; no timezone found
$E2ERAIL.NS: possibly delisted; no timezone found
$EMAPARTNER.NS: possibly delisted; no timezone found
$EASTWEST.NS: possibly delisted; no timezone found

13 Failed downloads:
['EMPIND.NS', 'ECOLINE.NS', 'EKI.NS', 'EBIX.NS', 'ELGNZ.NS', 'ECORECO.NS', 'EEPL.NS', 'DRSCARGO.NS', 'DUMMYINXGN.NS', 'DUMMYTRVN.NS', 'E2ERAIL.NS', 'EMAPARTNER.NS', 'EASTWEST.NS']: possibly delisted; no timezone found
  900/3468    153s  eta  435s
$FLYSBS.NS: possibly delisted; no timezone found
$ESPRIT.NS: possibly delisted; no timezone found
$EPWINDIA.NS: possibly delisted; no timezone found
$ETML.NS: possibly delisted; no timezone found
$FOCE.NS: possibly delisted; no timezone found
$ENCOMPAS.NS: possibly delisted; no timezone found
$ETL.NS: possibly delisted; no timezone found
$EXCELLENT.NS: possibly delisted; no timezone found
$ENVIRO.NS: possibly delisted; no timezone found
$FINBUD.NS: possibly delisted; no timezone found
$EXIMROUTES.NS: possibly delisted; no timezone found
$ENKEIWHEL.NS: possibly delisted; no timezone found

12 Failed downloads:
['FLYSBS.NS', 'ESPRIT.NS', 'EPWINDIA.NS', 'ETML.NS', 'FOCE.NS', 'ENCOMPAS.NS', 'ETL.NS', 'EXCELLENT.NS', 'ENVIRO.NS', 'FINBUD.NS', 'EXIMROUTES.NS', 'ENKEIWHEL.NS']: possibly delisted; no timezone found
  1000/3468    168s  eta  414s
$FWSTC.NS: possibly delisted; no timezone found
$GANESHIN.NS: possibly delisted; no timezone found
$FORGEAUTO.NS: possibly delisted; no timezone found
$GAJANAND.NS: possibly delisted; no timezone found
$GANGABATH.NS: possibly delisted; no timezone found
$GCHOTELS.NS: possibly delisted; no timezone found
$GENXAI.NS: possibly delisted; no timezone found
$FRESHARA.NS: possibly delisted; no timezone found
$FREDUN.NS: possibly delisted; no timezone found
$GML.NS: possibly delisted; no timezone found
$GJL.NS: possibly delisted; no timezone found
$FORCAS.NS: possibly delisted; no timezone found
$GKB.NS: possibly delisted; no price data found  (1d 2020-01-21 -> 2026-08-17)

13 Failed downloads:
['FWSTC.NS', 'GANESHIN.NS', 'FORGEAUTO.NS', 'GAJANAND.NS', 'GANGABATH.NS', 'GCHOTELS.NS', 'GENXAI.NS', 'FRESHARA.NS', 'FREDUN.NS', 'GML.NS', 'GJL.NS', 'FORCAS.NS']: possibly delisted; no timezone found
['GKB.NS']: possibly delisted; no price data found  (1d 2020-01-21 -> 2026-08-17)
  1100/3468    185s  eta  397s
$GREENLEAF.NS: possibly delisted; no timezone found

1 Failed download:
['GREENLEAF.NS']: possibly delisted; no timezone found
  1200/3468    199s  eta  376s
$HINDALUMI.NS: possibly delisted; no timezone found
$HBPOR.NS: possibly delisted; no timezone found
$HINDADH.NS: possibly delisted; no timezone found
$GURUNANAK.NS: possibly delisted; no timezone found
$HAZOOR.NS: possibly delisted; no timezone found
$HAMPTON.NS: possibly delisted; no timezone found
$HAPPY.NS: possibly delisted; no timezone found

7 Failed downloads:
['HINDALUMI.NS', 'HBPOR.NS', 'HINDADH.NS', 'GURUNANAK.NS', 'HAZOOR.NS', 'HAMPTON.NS', 'HAPPY.NS']: possibly delisted; no timezone found
  1300/3468    215s  eta  358s
$HPTL.NS: possibly delisted; no timezone found
$IDENTICAL.NS: possibly delisted; no timezone found
$ICELCO.NS: possibly delisted; no timezone found
$IDEALTECHO.NS: possibly delisted; no timezone found
$INDOKEM.NS: possibly delisted; no timezone found
$HRYNSHP.NS: possibly delisted; no timezone found
$HVAX.NS: possibly delisted; no timezone found

7 Failed downloads:
['HPTL.NS', 'IDENTICAL.NS', 'ICELCO.NS', 'IDEALTECHO.NS', 'INDOKEM.NS', 'HRYNSHP.NS', 'HVAX.NS']: possibly delisted; no timezone found
  1400/3468    231s  eta  342s
$IWARE.NS: possibly delisted; no timezone found
$IPHL.NS: possibly delisted; no timezone found
$INNOMET.NS: possibly delisted; no timezone found
$INFLUX.NS: possibly delisted; no timezone found
$JAINIK.NS: possibly delisted; no timezone found
$ITL.NS: possibly delisted; no timezone found
$IPRINGLTD.NS: possibly delisted; no price data found  (1d 2020-01-21 -> 2026-08-17)
$ITTL.NS: possibly delisted; no timezone found
$INTEGRITY.NS: possibly delisted; no timezone found
$ISTLTD.NS: possibly delisted; no timezone found
$INVICTA.NS: possibly delisted; no timezone found

11 Failed downloads:
['IWARE.NS', 'IPHL.NS', 'INNOMET.NS', 'INFLUX.NS', 'JAINIK.NS', 'ITL.NS', 'ITTL.NS', 'INTEGRITY.NS', 'ISTLTD.NS', 'INVICTA.NS']: possibly delisted; no timezone found
['IPRINGLTD.NS']: possibly delisted; no price data found  (1d 2020-01-21 -> 2026-08-17)
  1500/3468    248s  eta  326s
$KANCOTEA.NS: possibly delisted; no timezone found
$JAYESH.NS: possibly delisted; no timezone found
$JEYYAM.NS: possibly delisted; no timezone found
$KAYTEX.NS: possibly delisted; no timezone found
$KAMANWALA.NS: possibly delisted; no timezone found
$JAYBEE.NS: possibly delisted; no timezone found
$JENBURPH.NS: possibly delisted; no timezone found
$KATARIA.NS: possibly delisted; no timezone found
$JYOTIGLOBL.NS: possibly delisted; no timezone found
$KALANA.NS: possibly delisted; no timezone found
$JYOTIRES.NS: possibly delisted; no timezone found

11 Failed downloads:
['KANCOTEA.NS', 'JAYESH.NS', 'JEYYAM.NS', 'KAYTEX.NS', 'KAMANWALA.NS', 'JAYBEE.NS', 'JENBURPH.NS', 'KATARIA.NS', 'JYOTIGLOBL.NS', 'KALANA.NS', 'JYOTIRES.NS']: possibly delisted; no timezone found
  1600/3468    266s  eta  311s
$KRMAYURVED.NS: possibly delisted; no timezone found
$LADDERUP.NS: possibly delisted; no timezone found
$KEN.NS: possibly delisted; no timezone found
$KJMCFIN.NS: possibly delisted; no timezone found
$KMCSHIL.NS: possibly delisted; no timezone found
$KSE.NS: possibly delisted; no price data found  (1d 2020-01-21 -> 2026-08-17)
$KKJEWELS.NS: possibly delisted; no timezone found

7 Failed downloads:
['KRMAYURVED.NS', 'LADDERUP.NS', 'KEN.NS', 'KJMCFIN.NS', 'KMCSHIL.NS', 'KKJEWELS.NS']: possibly delisted; no timezone found
['KSE.NS']: possibly delisted; no price data found  (1d 2020-01-21 -> 2026-08-17)
  1700/3468    283s  eta  294s
$LANCER.NS: possibly delisted; no timezone found
$LEENEE.NS: possibly delisted; no timezone found
$LAMOSAIC.NS: possibly delisted; no timezone found
$LAKSHMIMIL.NS: possibly delisted; no timezone found
$LOTUSCHO.NS: possibly delisted; no timezone found
$LAKSHYA.NS: possibly delisted; no timezone found
$LKPSEC.NS: possibly delisted; no timezone found
$MACOBSTECH.NS: possibly delisted; no timezone found

8 Failed downloads:
['LANCER.NS', 'LEENEE.NS', 'LAMOSAIC.NS', 'LAKSHMIMIL.NS', 'LOTUSCHO.NS', 'LAKSHYA.NS', 'LKPSEC.NS', 'MACOBSTECH.NS']: possibly delisted; no timezone found
  1800/3468    299s  eta  277s
$MAYASHEEL.NS: possibly delisted; no timezone found
$MEDISTEP.NS: possibly delisted; no timezone found
$MANILAM.NS: possibly delisted; no timezone found
$MAKERSL.NS: possibly delisted; no timezone found
$MARUSHIKA.NS: possibly delisted; no timezone found
$MAXVOLT.NS: possibly delisted; no timezone found
$MANBRO.NS: possibly delisted; no timezone found
$MEDICAPQ.NS: possibly delisted; no timezone found

8 Failed downloads:
['MAYASHEEL.NS', 'MEDISTEP.NS', 'MANILAM.NS', 'MAKERSL.NS', 'MARUSHIKA.NS', 'MAXVOLT.NS', 'MANBRO.NS', 'MEDICAPQ.NS']: possibly delisted; no timezone found
  1900/3468    318s  eta  262s
$MIIL.NS: possibly delisted; no timezone found
$MINALIND.NS: possibly delisted; no timezone found
$MKEXIM.NS: possibly delisted; no timezone found
$MMEL.NS: possibly delisted; no timezone found
$MLKFOOD.NS: possibly delisted; no timezone found
$METALIC.NS: possibly delisted; no timezone found
$MOHITE.NS: possibly delisted; no timezone found
$MIEL.NS: possibly delisted; no timezone found
$MOBILISE.NS: possibly delisted; no timezone found
$MOLBIO.NS: possibly delisted; no timezone found
$MGSL.NS: possibly delisted; no timezone found

11 Failed downloads:
['MIIL.NS', 'MINALIND.NS', 'MKEXIM.NS', 'MMEL.NS', 'MLKFOOD.NS', 'METALIC.NS', 'MOHITE.NS', 'MIEL.NS', 'MOBILISE.NS', 'MOLBIO.NS', 'MGSL.NS']: possibly delisted; no timezone found
  2000/3468    333s  eta  244s
$MUKESHB.NS: possibly delisted; no timezone found
$MPDL.NS: possibly delisted; no timezone found
$MRIL.NS: possibly delisted; no timezone found
$MSL.NS: possibly delisted; no price data found  (1d 2020-01-21 -> 2026-08-17)
$MYSORPETRO.NS: possibly delisted; no timezone found
$MPEL.NS: possibly delisted; no timezone found
$MYMUDRA.NS: possibly delisted; no timezone found
$NAMOEWASTE.NS: possibly delisted; no timezone found
$MUNISH.NS: possibly delisted; no timezone found
$MONOLITH.NS: possibly delisted; no timezone found

10 Failed downloads:
['MUKESHB.NS', 'MPDL.NS', 'MRIL.NS', 'MYSORPETRO.NS', 'MPEL.NS', 'MYMUDRA.NS', 'NAMOEWASTE.NS', 'MUNISH.NS', 'MONOLITH.NS']: possibly delisted; no timezone found
['MSL.NS']: possibly delisted; no price data found  (1d 2020-01-21 -> 2026-08-17)
  2100/3468    350s  eta  228s
$NICCOPAR.NS: possibly delisted; no timezone found
$NIKITA.NS: possibly delisted; no timezone found
$NEOCHEM.NS: possibly delisted; no timezone found
$OBSCP.NS: possibly delisted; no timezone found
$NEPTUNE.NS: possibly delisted; no timezone found
$NTCIND.NS: possibly delisted; no timezone found
$NRVANDANA.NS: possibly delisted; no timezone found
$NEELAM.NS: possibly delisted; no timezone found
$NFPSAMPOOR.NS: possibly delisted; no timezone found
$NMSTEEL.NS: possibly delisted; no timezone found

10 Failed downloads:
['NICCOPAR.NS', 'NIKITA.NS', 'NEOCHEM.NS', 'OBSCP.NS', 'NEPTUNE.NS', 'NTCIND.NS', 'NRVANDANA.NS', 'NEELAM.NS', 'NFPSAMPOOR.NS', 'NMSTEEL.NS']: possibly delisted; no timezone found
  2200/3468    366s  eta  211s
$PACIFICI.NS: possibly delisted; no timezone found
$ODYCORP.NS: possibly delisted; no timezone found
$PARAMATRIX.NS: possibly delisted; no timezone found
$ONYX.NS: possibly delisted; no timezone found
$PANCHMAHQ.NS: possibly delisted; no timezone found
$OPTIVALUE.NS: possibly delisted; no timezone found
$PARTH.NS: possibly delisted; no timezone found
$ONEGLOBAL.NS: possibly delisted; no timezone found
$PANORAMA.NS: possibly delisted; no timezone found
$ORIRAIL.NS: possibly delisted; no timezone found
$PARAMOUNT.NS: possibly delisted; no timezone found
$OPTIMYSTIX.NS: possibly delisted; no timezone found
$PATILAUTOM.NS: possibly delisted; no timezone found
$PARAMPARA.NS: possibly delisted; no timezone found
$ONIXSOLAR.NS: possibly delisted; no timezone found
$PBMPOLY.NS: possibly delisted; no timezone found
$OPTIFIN.NS: possibly delisted; no timezone found
$OSELDEVICE.NS: possibly delisted; no timezone found
$PARNAXLAB.NS: possibly delisted; no timezone found

19 Failed downloads:
['PACIFICI.NS', 'ODYCORP.NS', 'PARAMATRIX.NS', 'ONYX.NS', 'PANCHMAHQ.NS', 'OPTIVALUE.NS', 'PARTH.NS', 'ONEGLOBAL.NS', 'PANORAMA.NS', 'ORIRAIL.NS', 'PARAMOUNT.NS', 'OPTIMYSTIX.NS', 'PATILAUTOM.NS', 'PARAMPARA.NS', 'ONIXSOLAR.NS', 'PBMPOLY.NS', 'OPTIFIN.NS', 'OSELDEVICE.NS', 'PARNAXLAB.NS']: possibly delisted; no timezone found
  2300/3468    385s  eta  196s
$POEL.NS: possibly delisted; no timezone found
$PRANIK.NS: possibly delisted; no timezone found
$PHOENXINTL.NS: possibly delisted; no timezone found
$POSITRON.NS: possibly delisted; no timezone found
$POLYSPIN.NS: possibly delisted; no timezone found
$PERMAGN.NS: possibly delisted; no timezone found
$PRIMECAB.NS: possibly delisted; no timezone found
$PREMIUM.NS: possibly delisted; no timezone found
$PELATRO.NS: possibly delisted; no timezone found
$PHOGLOBAL.NS: possibly delisted; no timezone found
$PPSL.NS: possibly delisted; no timezone found

11 Failed downloads:
['POEL.NS', 'PRANIK.NS', 'PHOENXINTL.NS', 'POSITRON.NS', 'POLYSPIN.NS', 'PERMAGN.NS', 'PRIMECAB.NS', 'PREMIUM.NS', 'PELATRO.NS', 'PHOGLOBAL.NS', 'PPSL.NS']: possibly delisted; no timezone found
  2400/3468    403s  eta  180s
$RAPPID.NS: possibly delisted; no timezone found
$PURPLEUTED.NS: possibly delisted; no timezone found
$RAPIDFLEET.NS: possibly delisted; no timezone found
$PSRAJ.NS: possibly delisted; no timezone found
$PROFX.NS: possibly delisted; no timezone found
$PROPSHOP.NS: possibly delisted; no timezone found
$RAJPUTANA.NS: possibly delisted; no timezone found
$QVCEL.NS: possibly delisted; no timezone found
$PRISMX.NS: possibly delisted; no timezone found
$RAJINDLTD.NS: possibly delisted; no timezone found
$PSFL.NS: possibly delisted; no timezone found
$QLINE.NS: possibly delisted; no timezone found
$PUSHPA.NS: possibly delisted; no timezone found

13 Failed downloads:
['RAPPID.NS', 'PURPLEUTED.NS', 'RAPIDFLEET.NS', 'PSRAJ.NS', 'PROFX.NS', 'PROPSHOP.NS', 'RAJPUTANA.NS', 'QVCEL.NS', 'PRISMX.NS', 'RAJINDLTD.NS', 'PSFL.NS', 'QLINE.NS', 'PUSHPA.NS']: possibly delisted; no timezone found
  2500/3468    420s  eta  163s
$READYMIX.NS: possibly delisted; no timezone found
$RTL.NS: possibly delisted; no timezone found
$RICHA.NS: possibly delisted; no timezone found
$RFBL.NS: possibly delisted; no timezone found
$RNFI.NS: possibly delisted; no timezone found
$REXPRO.NS: possibly delisted; no timezone found
$RNPL.NS: possibly delisted; no timezone found
$RTSPOWR.NS: possibly delisted; no timezone found
$ROYALARC.NS: possibly delisted; no timezone found
$RRECL.NS: possibly delisted; no timezone found

10 Failed downloads:
['READYMIX.NS', 'RTL.NS', 'RICHA.NS', 'RFBL.NS', 'RNFI.NS', 'REXPRO.NS', 'RNPL.NS', 'RTSPOWR.NS', 'ROYALARC.NS', 'RRECL.NS']: possibly delisted; no timezone found
  2600/3468    438s  eta  146s
$SATKARTAR.NS: possibly delisted; no timezone found
$SAYAJIIND.NS: possibly delisted; no timezone found
$SAICAPI.NS: possibly delisted; no timezone found
$SAWALIYA.NS: possibly delisted; no timezone found
$SATTVAENGG.NS: possibly delisted; no timezone found
$SAHASRA.NS: possibly delisted; no timezone found
$SAMAY.NS: possibly delisted; no timezone found
$SACHEEROME.NS: possibly delisted; no timezone found
$SAB.NS: possibly delisted; no timezone found
$SAMBANDAM.NS: possibly delisted; no price data found  (1d 2020-01-21 -> 2026-08-17)
$SATECH.NS: possibly delisted; no timezone found
$SAJHOTELS.NS: possibly delisted; no timezone found
$SAVY.NS: possibly delisted; no timezone found
$SAFEENTP.NS: possibly delisted; no timezone found

14 Failed downloads:
['SATKARTAR.NS', 'SAYAJIIND.NS', 'SAICAPI.NS', 'SAWALIYA.NS', 'SATTVAENGG.NS', 'SAHASRA.NS', 'SAMAY.NS', 'SACHEEROME.NS', 'SAB.NS', 'SATECH.NS', 'SAJHOTELS.NS', 'SAVY.NS', 'SAFEENTP.NS']: possibly delisted; no timezone found
['SAMBANDAM.NS']: possibly delisted; no price data found  (1d 2020-01-21 -> 2026-08-17)
  2700/3468    454s  eta  129s
$SHRADDHA.NS: possibly delisted; no timezone found
$SDREAMS.NS: possibly delisted; no timezone found
$SGRL.NS: possibly delisted; no timezone found
$SHIVAAGRO.NS: possibly delisted; no timezone found
$SHIVACEM.NS: possibly delisted; no timezone found
$SHETHJI.NS: possibly delisted; no timezone found
$SHILGRAVQ.NS: possibly delisted; no timezone found
$SGLRES.NS: possibly delisted; no timezone found
$SEKURITIND.NS: possibly delisted; no timezone found
$SFML.NS: possibly delisted; no timezone found
$SHERVANI.NS: possibly delisted; no timezone found
$SHIVASHRIT.NS: possibly delisted; no timezone found
$SHKSIL.NS: possibly delisted; no timezone found
$SELLOWRAP.NS: possibly delisted; no timezone found
$SHEEL.NS: possibly delisted; no timezone found
$SHREEDHAR.NS: possibly delisted; no timezone found

16 Failed downloads:
['SHRADDHA.NS', 'SDREAMS.NS', 'SGRL.NS', 'SHIVAAGRO.NS', 'SHIVACEM.NS', 'SHETHJI.NS', 'SHILGRAVQ.NS', 'SGLRES.NS', 'SEKURITIND.NS', 'SFML.NS', 'SHERVANI.NS', 'SHIVASHRIT.NS', 'SHKSIL.NS', 'SELLOWRAP.NS', 'SHEEL.NS', 'SHREEDHAR.NS']: possibly delisted; no timezone found
  2800/3468    470s  eta  112s
$SHRIAHIMSA.NS: possibly delisted; no timezone found
$SIMCA.NS: possibly delisted; no timezone found
$SHYAMDHANI.NS: possibly delisted; no timezone found
$SIEL.NS: possibly delisted; no price data found  (1d 2020-01-21 -> 2026-08-17)
$SNEHAA.NS: possibly delisted; no timezone found
$SHRIKANHA.NS: possibly delisted; no timezone found
$SILKY.NS: possibly delisted; no timezone found
$SOCL.NS: possibly delisted; no timezone found
$SMARTEN.NS: possibly delisted; no timezone found
$SIDDHICOTS.NS: possibly delisted; no timezone found
$SHRJAGP.NS: possibly delisted; no timezone found
$SHUBHSHREE.NS: possibly delisted; no timezone found
$SIMPLXREA.NS: possibly delisted; no timezone found

13 Failed downloads:
['SHRIAHIMSA.NS', 'SIMCA.NS', 'SHYAMDHANI.NS', 'SNEHAA.NS', 'SHRIKANHA.NS', 'SILKY.NS', 'SOCL.NS', 'SMARTEN.NS', 'SIDDHICOTS.NS', 'SHRJAGP.NS', 'SHUBHSHREE.NS', 'SIMPLXREA.NS']: possibly delisted; no timezone found
['SIEL.NS']: possibly delisted; no price data found  (1d 2020-01-21 -> 2026-08-17)
  2900/3468    487s  eta   95s
$SUNRAKSHAK.NS: possibly delisted; no timezone found
$SPEB.NS: possibly delisted; no timezone found
$SPPPOLY.NS: possibly delisted; no timezone found
$SUNLOC.NS: possibly delisted; no timezone found
$SRIKPRIND.NS: possibly delisted; no timezone found
$SUNLITE.NS: possibly delisted; no timezone found
$STRIDERS.NS: possibly delisted; no timezone found
$SUNTECH.NS: possibly delisted; no timezone found
$SSEGL.NS: possibly delisted; no timezone found
$SUMEDHA.NS: possibly delisted; no timezone found
$STLSTRINF.NS: possibly delisted; no timezone found
$STUDIOLSD.NS: possibly delisted; no timezone found
$SPCON.NS: possibly delisted; no timezone found
$SUNSHIEL.NS: possibly delisted; no timezone found
$SUBAHOTELS.NS: possibly delisted; no timezone found
$SPELS.NS: possibly delisted; no timezone found
$SPUNWEB.NS: possibly delisted; no timezone found

17 Failed downloads:
['SUNRAKSHAK.NS', 'SPEB.NS', 'SPPPOLY.NS', 'SUNLOC.NS', 'SRIKPRIND.NS', 'SUNLITE.NS', 'STRIDERS.NS', 'SUNTECH.NS', 'SSEGL.NS', 'SUMEDHA.NS', 'STLSTRINF.NS', 'STUDIOLSD.NS', 'SPCON.NS', 'SUNSHIEL.NS', 'SUBAHOTELS.NS', 'SPELS.NS', 'SPUNWEB.NS']: possibly delisted; no timezone found
  3000/3468    505s  eta   79s
$TECHERA.NS: possibly delisted; no timezone found
$TANKUP.NS: possibly delisted; no timezone found
$TECHD.NS: possibly delisted; no timezone found
$TEAMTECH.NS: possibly delisted; no timezone found
$TANAA.NS: possibly delisted; no timezone found
$SWARNSAR.NS: possibly delisted; no timezone found
$SVGLOBAL.NS: possibly delisted; no timezone found
$SUPTANERY.NS: possibly delisted; no timezone found
$SWISSMLTRY.NS: possibly delisted; no timezone found
$TAURIAN.NS: possibly delisted; no timezone found

10 Failed downloads:
['TECHERA.NS', 'TANKUP.NS', 'TECHD.NS', 'TEAMTECH.NS', 'TANAA.NS', 'SWARNSAR.NS', 'SVGLOBAL.NS', 'SUPTANERY.NS', 'SWISSMLTRY.NS', 'TAURIAN.NS']: possibly delisted; no timezone found
  3100/3468    521s  eta   62s
$TEJASCARGO.NS: possibly delisted; no timezone found
$TOYAMSL.NS: possibly delisted; no timezone found
$TROM.NS: possibly delisted; no timezone found
$TERAI.NS: possibly delisted; no timezone found
$THESL.NS: possibly delisted; no timezone found
$TGVSL.NS: possibly delisted; no timezone found
$TSC.NS: possibly delisted; no timezone found
$TUTIALKA.NS: possibly delisted; no timezone found
$TRITONV.NS: possibly delisted; no timezone found
$TEJA.NS: possibly delisted; no timezone found
$TRANSCOR.NS: possibly delisted; no timezone found

11 Failed downloads:
['TEJASCARGO.NS', 'TOYAMSL.NS', 'TROM.NS', 'TERAI.NS', 'THESL.NS', 'TGVSL.NS', 'TSC.NS', 'TUTIALKA.NS', 'TRITONV.NS', 'TEJA.NS', 'TRANSCOR.NS']: possibly delisted; no timezone found
  3200/3468    539s  eta   45s
$UPHOT.NS: possibly delisted; no timezone found
$UNILEX.NS: possibly delisted; no timezone found
$UTKAL.NS: possibly delisted; no timezone found
$UHTL.NS: possibly delisted; no timezone found
$UTSSAV.NS: possibly delisted; no timezone found
$VEDAVAAG.NS: possibly delisted; no timezone found
$UDAYJEW.NS: possibly delisted; no timezone found
$VADILENT.NS: possibly delisted; no timezone found
$VASUPRADA.NS: possibly delisted; no timezone found
$VALUE360.NS: possibly delisted; no timezone found
$USHAFIN.NS: possibly delisted; no timezone found
$VDEAL.NS: possibly delisted; no timezone found

12 Failed downloads:
['UPHOT.NS', 'UNILEX.NS', 'UTKAL.NS', 'UHTL.NS', 'UTSSAV.NS', 'VEDAVAAG.NS', 'UDAYJEW.NS', 'VADILENT.NS', 'VASUPRADA.NS', 'VALUE360.NS', 'USHAFIN.NS', 'VDEAL.NS']: possibly delisted; no timezone found
  3300/3468    556s  eta   28s
$VOLERCAR.NS: possibly delisted; no timezone found
$VIGOR.NS: possibly delisted; no timezone found
$VTMLTD.NS: possibly delisted; no timezone found
$WARDINMOBI.NS: possibly delisted; no timezone found
$VIJSOLX.NS: possibly delisted; no timezone found
$VIJAYPD.NS: possibly delisted; no timezone found
$VIRTUALG.NS: possibly delisted; no timezone found
$VIESL.NS: possibly delisted; no timezone found
$VMOBILE.NS: possibly delisted; no timezone found
$VLINFRA.NS: possibly delisted; no timezone found
$VICTORYEV.NS: possibly delisted; no timezone found
$VIRAT.NS: possibly delisted; no timezone found
$VISDEM.NS: possibly delisted; no timezone found
$VOITHPAPR.NS: possibly delisted; no timezone found
$VIVOBIOT.NS: possibly delisted; no timezone found
$VIVIDEL.NS: possibly delisted; no timezone found
$VGCL.NS: possibly delisted; no timezone found
$WATERBASE.NS: possibly delisted; no timezone found
$VGINFOTECH.NS: possibly delisted; no timezone found

19 Failed downloads:
['VOLERCAR.NS', 'VIGOR.NS', 'VTMLTD.NS', 'WARDINMOBI.NS', 'VIJSOLX.NS', 'VIJAYPD.NS', 'VIRTUALG.NS', 'VIESL.NS', 'VMOBILE.NS', 'VLINFRA.NS', 'VICTORYEV.NS', 'VIRAT.NS', 'VISDEM.NS', 'VOITHPAPR.NS', 'VIVOBIOT.NS', 'VIVIDEL.NS', 'VGCL.NS', 'WATERBASE.NS', 'VGINFOTECH.NS']: possibly delisted; no timezone found
  3400/3468    574s  eta   11s
$YAAP.NS: possibly delisted; no timezone found
$WHITEFORCE.NS: possibly delisted; no timezone found
$WHBRADY.NS: possibly delisted; no timezone found
$WOL3D.NS: possibly delisted; no timezone found
$YOGI.NS: possibly delisted; no price data found  (1d 2020-01-21 -> 2026-08-17)

5 Failed downloads:
['YAAP.NS', 'WHITEFORCE.NS', 'WHBRADY.NS', 'WOL3D.NS']: possibly delisted; no timezone found
['YOGI.NS']: possibly delisted; no price data found  (1d 2020-01-21 -> 2026-08-17)
  3468/3468    585s  eta    0s

[36m==================================================================
== 3. result
==================================================================[0m
  [32mok  [0m 3,065 cached, 403 no data, 0 errors, 586s
       0.169s per symbol (the serialised path was ~0.45s)
       symbols without data written to /opt/breakoutscanner/data_cache/prefetch_no_data.txt
       e.g. AAKAAR, AARADHYA, ABHAPOWER, ACCPL, ACETEC, ACGL, ACTIVEINFR, ADDICTIVE

  [1mNow run the build. It should read cache and finish in a fraction of
  the time — that comparison is the point, so time it:[0m

      time sudo -u breakout /opt/breakoutscanner/.venv/bin/python \
        /opt/breakoutscanner/build_snapshot.py --symbols-file /opt/breakoutscanner/nse_all_equity.txt

  [33mIf it is still slow, the cache is being rejected rather than missing,
  and the min_rows threshold is the next thing to change — not this.[0m
--- building snapshot ---
Nifty Capital Markets: no constituent file found (24 URLs tried)
  [32mok[0m  302 symbols classified as ETFs/funds (data_cache/nse_funds.txt)

[36m== building snapshot: /opt/breakoutscanner/nse_all_equity.txt ==[0m
  /opt/breakoutscanner/nse_all_equity.txt: 3468 symbols
  skipping 403 symbol(s) prefetch found no data for (it retries them on its next run)
  breakout detector: detect_breakout(df, symbol, timeframe, cfg, mode, vol_mult, lookback, atr_period, atr_mult, direction_filter)
  25/3065      4s  eta  437s
  50/3065      7s  eta  402s
  75/3065     10s  eta  393s
  100/3065     14s  eta  428s
  125/3065     19s  eta  436s
  150/3065     23s  eta  438s
  175/3065     26s  eta  433s
  200/3065     30s  eta  425s
  225/3065     33s  eta  422s
  250/3065     37s  eta  419s
  275/3065     41s  eta  413s
  300/3065     44s  eta  406s
  325/3065     48s  eta  402s
  350/3065     51s  eta  396s
  375/3065     55s  eta  392s
  400/3065     58s  eta  387s
  425/3065     61s  eta  380s
  450/3065     65s  eta  375s
  475/3065     68s  eta  370s
  500/3065     72s  eta  367s
  525/3065     75s  eta  365s
  550/3065     79s  eta  362s
  575/3065     83s  eta  359s
  600/3065     87s  eta  357s
  625/3065     90s  eta  353s
  650/3065     94s  eta  348s
  675/3065     97s  eta  344s
  700/3065    100s  eta  339s
  725/3065    104s  eta  335s
  750/3065    107s  eta  331s
  775/3065    111s  eta  329s
  800/3065    115s  eta  324s
  825/3065    118s  eta  320s
  850/3065    121s  eta  316s
  875/3065    125s  eta  312s
  900/3065    128s  eta  308s
  925/3065    131s  eta  304s
  950/3065    135s  eta  301s
  975/3065    139s  eta  297s
  1000/3065    142s  eta  293s
  1025/3065    145s  eta  288s
  1050/3065    148s  eta  283s
  1075/3065    151s  eta  280s
  1100/3065    154s  eta  276s
  1125/3065    158s  eta  272s
  1150/3065    161s  eta  269s
  1175/3065    165s  eta  265s
  1200/3065    168s  eta  262s
  1225/3065    172s  eta  258s
  1250/3065    175s  eta  255s
  1275/3065    178s  eta  250s
  1300/3065    182s  eta  247s
  1325/3065    185s  eta  243s
  1350/3065    188s  eta  239s
  1375/3065    192s  eta  236s
  1400/3065    196s  eta  233s
  1425/3065    199s  eta  229s
  1450/3065    203s  eta  226s
  1475/3065    206s  eta  222s
  1500/3065    210s  eta  219s
  1525/3065    213s  eta  215s
  1550/3065    217s  eta  212s
  1575/3065    221s  eta  209s
  1600/3065    225s  eta  206s
  1625/3065    229s  eta  203s
  1650/3065    232s  eta  199s
  1675/3065    236s  eta  196s
  1700/3065    239s  eta  192s
  1725/3065    243s  eta  189s
  1750/3065    246s  eta  185s
  1775/3065    249s  eta  181s
  1800/3065    254s  eta  178s
  1825/3065    257s  eta  175s
  1850/3065    261s  eta  171s
  1875/3065    264s  eta  168s
  1900/3065    268s  eta  164s
  1925/3065    272s  eta  161s
  1950/3065    276s  eta  158s
  1975/3065    279s  eta  154s
  2000/3065    282s  eta  150s
  2025/3065    286s  eta  147s
  2050/3065    290s  eta  143s
  2075/3065    293s  eta  140s
  2100/3065    297s  eta  136s
  2125/3065    300s  eta  133s
  2150/3065    304s  eta  129s
  2175/3065    308s  eta  126s
  2200/3065    311s  eta  122s
  2225/3065    317s  eta  120s
  2250/3065    321s  eta  116s
  2275/3065    325s  eta  113s
  2300/3065    328s  eta  109s
  2325/3065    332s  eta  106s
  2350/3065    336s  eta  102s
  2375/3065    340s  eta   99s
  2400/3065    344s  eta   95s
  2425/3065    348s  eta   92s
  2450/3065    351s  eta   88s
  2475/3065    355s  eta   85s
  2500/3065    359s  eta   81s
  2525/3065    362s  eta   77s
  2550/3065    366s  eta   74s
  2575/3065    370s  eta   70s
  2600/3065    374s  eta   67s
  2625/3065    378s  eta   63s
  2650/3065    381s  eta   60s
  2675/3065    385s  eta   56s
  2700/3065    389s  eta   53s
  2725/3065    392s  eta   49s
  2750/3065    396s  eta   45s
  2775/3065    399s  eta   42s
  2800/3065    403s  eta   38s
  2825/3065    406s  eta   35s
  2850/3065    410s  eta   31s
  2875/3065    413s  eta   27s
  2900/3065    417s  eta   24s
  2925/3065    421s  eta   20s
  2950/3065    425s  eta   17s
  2975/3065    429s  eta   13s
  3000/3065    433s  eta    9s
  3025/3065    437s  eta    6s
  3050/3065    441s  eta    2s
  [33mnote[0m  2 symbol(s) did not trade on 2026-08-14 — flagged traded_today = false
  cap bands: Below Microcap 2315, Small 250, Micro 250, Mid 150, Large 100
  [32mok[0m  ranked 2,764 companies; 301 funds carry NULL RS
  [32mok[0m  3065 of 3065 obtainable symbols (100.0% coverage), 0 skipped, 523s
        257 known-unavailable excluded (no data for 3+ runs); raw coverage 100.0% of 3065
        data as of 2026-08-14, 2 symbol(s) behind it
  [33mstale[0m 2 symbol(s) (0%) use prices older than 2026-08-14, oldest 2023-12-29
        Normal for illiquid names: they did not trade, so no bar exists. All are flagged traded_today = false and excluded from 'today' screens by default.
          VISHAL         2023-12-29
          THACKER        2026-08-13
  [32mok[0m  breakouts: 411 total · 267 bullish · 144 bearish
        1D: 132
        1W: 239
        1M: 196
        Compare these against your live scan. They call the
        SAME detect_breakout(), so they should agree exactly.
  [32mok[0m  schema migrated: added is_fund
       (existing rows carry NULL there — rebuild those dates to fill them)
  [32mok[0m  wrote 3065 rows for 2026-08-16  (6 day(s) of history)
       /opt/breakoutscanner/data_cache/snapshot.duckdb

[36m  predefined scanners against this snapshot:[0m
    Horizontal Resistance             500
    Tight Setup (Daily)               217
    VCP                               500
    RS High Before Price High         104
    Flags & Pennants                  313
    Inside Bar (Daily)                500
    21 EMA Shakeout                    54
    Gap Up (Unfilled)                 500
    Volume Gainers                    500
    Recent IPO Setups                 211
    Minervini Trend Template          500
    ★ Daily Screen — breakout in a strong stock  125

  Open the Screener page in the app to query it interactively.
wrote 3065 rows for 2026-08-16  (88% of 3468)
=== DEGRADED: 88% coverage ===
=== finished 2026-08-16T08:53:36+00:00 ===
=== nightly build started 2026-08-16T09:37:57+00:00 ===
--- refreshing universe ---

[36m==================================================================
== 1. fetching every NSE instrument
==================================================================[0m
  [32mok  [0m 114,870 instruments in the dump

  everything Kite tags segment=NSE instrument_type=EQ,
  broken down by SERIES (the suffix after the hyphen):

    SG                     4298   [33mdropped (debt/other)[0m
    EQ (no suffix)         2977   [32mKEPT[0m
    N0                      977   [33mdropped (debt/other)[0m
    SM                      439   [32mKEPT[0m
    BE                      230   [32mKEPT[0m
    GS                      130   [33mdropped (debt/other)[0m
    ST                      120   [32mKEPT[0m
    N1                      107   [33mdropped (debt/other)[0m
    TB                       84   [33mdropped (debt/other)[0m
    SF                       50   [33mdropped (debt/other)[0m
    GB                       45   [33mdropped (debt/other)[0m
    BZ                       38   [32mKEPT[0m
    N2                       37   [33mdropped (debt/other)[0m
    N3                       29   [33mdropped (debt/other)[0m

  [1m3,466 equities kept, 6,257 dropped[0m

  KSHINTL present: [1mTrue[0m
  sample: 20MICRONS, 21STCENMGM, 360ONE, 3BBLACKBIO, 3IINFOLTD, 3MINDIA, 3PLAND, 5PAISA, 63MOONS, A2ZINFRA ...

[36m==================================================================
== 2. how much is currently invisible
==================================================================[0m
  5 index list(s) consulted (excluding 'NSE All Equity' itself)
  scannable today      752
  [1mnewly scannable      2,716[0m

  a few that were invisible: 20MICRONS, 21STCENMGM, 3BBLACKBIO, 3IINFOLTD, 3PLAND, 5PAISA, 63MOONS, A2ZINFRA, AAATECH, AAKAAR, AAKASH, AARADHYA ...

  [33m2 symbol(s) are in your NIFTY indices but NOT in the equity dump:[0m
    DUMMYINXGN, DUMMYTRVN
  [32madded them — the universe is now a strict superset of the tradeable names you scan today[0m

[36m==================================================================
== 3. output
==================================================================[0m
  /opt/breakoutscanner/nse_all_equity.txt
  [32mok  [0m wrote 3,468 symbols (28,729 bytes)
  [32mok  [0m re-read cleanly; KSHINTL is in the list

[36m==================================================================
== next
==================================================================[0m
  Try a slice first — 2,000 symbols on a 512 MB box is a real risk:

    sudo -u breakout /opt/breakoutscanner/.venv/bin/python \
      /opt/breakoutscanner/build_snapshot.py \
      --symbols-file /opt/breakoutscanner/nse_all_equity.txt --limit 300

  If that completes, drop --limit for the full run. Watch it the first
  time. [33mAn OOM kill stops it mid-build, and a truncated snapshot is the
  silent-wrong failure we have spent this session removing.[0m

  Then confirm the stock that started this:

    sudo -u breakout /opt/breakoutscanner/.venv/bin/python \
      /opt/breakoutscanner/diagnose_symbol.py KSHINTL
universe: 3468 symbols
--- prefetching price cache ---
$AARADHYA.NS: possibly delisted; no timezone found
$ABHAPOWER.NS: possibly delisted; no timezone found
$ACGL.NS: possibly delisted; no timezone found
$ADDICTIVE.NS: possibly delisted; no timezone found
$ACETEC.NS: possibly delisted; no timezone found
$ADVIKCA.NS: possibly delisted; no timezone found
$ACTIVEINFR.NS: possibly delisted; no timezone found
$AERON.NS: possibly delisted; no timezone found
$ACCPL.NS: possibly delisted; no timezone found
$AESTHETIK.NS: possibly delisted; no timezone found
$AAKAAR.NS: possibly delisted; no timezone found
$ADISOFT.NS: possibly delisted; no timezone found
$ADDIND.NS: possibly delisted; no timezone found

13 Failed downloads:
['AARADHYA.NS', 'ABHAPOWER.NS', 'ACGL.NS', 'ADDICTIVE.NS', 'ACETEC.NS', 'ADVIKCA.NS', 'ACTIVEINFR.NS', 'AERON.NS', 'ACCPL.NS', 'AESTHETIK.NS', 'AAKAAR.NS', 'ADISOFT.NS', 'ADDIND.NS']: possibly delisted; no timezone found
  [33mwarn[0m --app points at the ORIGINAL app, not the lab.
  [33mwarn[0m That is allowed but not the default. Ctrl-C now if unintended.

[36m==================================================================
== 1. wiring  (/opt/breakoutscanner)
==================================================================[0m
  [32mok  [0m yfinance 1.5.2, pandas 2.3.3
  [32mok  [0m cache dir /opt/breakoutscanner/data_cache/prices_daily
  [32mok  [0m yahoo_ticker and _normalize_ohlcv available
  [32mok  [0m 3,468 symbols from nse_all_equity.txt

  window     2020-01-21 -> 2026-08-17  (2400 calendar days)
  batches    35 x 100
  [1mvs the current path: 3,468 serialised requests[0m

[36m==================================================================
== 2. fetching
==================================================================[0m
  100/3468     16s  eta  523s
$ANAWIL.NS: possibly delisted; no timezone found
$AMBAAUTO.NS: possibly delisted; no timezone found
$ANSALBU.NS: possibly delisted; no timezone found
$AKANKSHA.NS: possibly delisted; no timezone found
$AMCL.NS: possibly delisted; no timezone found
$AMARJOTHI.NS: possibly delisted; no price data found  (1d 2020-01-21 -> 2026-08-17)
$ALFREDHE.NS: possibly delisted; no timezone found
$AGARWALTUF.NS: possibly delisted; no timezone found
$AMAL.NS: possibly delisted; no timezone found
$ANDREWYU.NS: possibly delisted; no timezone found
$ALCODIS.NS: possibly delisted; no timezone found
$ANONDITA.NS: possibly delisted; no timezone found
$ALUFLUOR.NS: possibly delisted; no timezone found
$AMBANIORGO.NS: possibly delisted; no timezone found

14 Failed downloads:
['ANAWIL.NS', 'AMBAAUTO.NS', 'ANSALBU.NS', 'AKANKSHA.NS', 'AMCL.NS', 'ALFREDHE.NS', 'AGARWALTUF.NS', 'AMAL.NS', 'ANDREWYU.NS', 'ALCODIS.NS', 'ANONDITA.NS', 'ALUFLUOR.NS', 'AMBANIORGO.NS']: possibly delisted; no timezone found
['AMARJOTHI.NS']: possibly delisted; no price data found  (1d 2020-01-21 -> 2026-08-17)
  200/3468     32s  eta  518s
$ARYAMAN.NS: possibly delisted; no timezone found
$ANYA.NS: possibly delisted; no timezone found
$ARHAM.NS: possibly delisted; no timezone found
$ASHALOG.NS: possibly delisted; no timezone found
$ARCL.NS: possibly delisted; no timezone found
$ASSAMENT.NS: possibly delisted; no timezone found
$ARVINDPORT.NS: possibly delisted; no timezone found
$ASIANTNE.NS: possibly delisted; no timezone found
$ARUNAYA.NS: possibly delisted; no timezone found
$ARMOUR.NS: possibly delisted; no timezone found
$APSISAERO.NS: possibly delisted; no timezone found
$APOORVA.NS: possibly delisted; no timezone found
$APEXECO.NS: possibly delisted; no timezone found
$ASHWINI.NS: possibly delisted; no timezone found
$APRAMEYA.NS: possibly delisted; no timezone found
$ARCIIL.NS: possibly delisted; no timezone found
$ATCENERGY.NS: possibly delisted; no timezone found

17 Failed downloads:
['ARYAMAN.NS', 'ANYA.NS', 'ARHAM.NS', 'ASHALOG.NS', 'ARCL.NS', 'ASSAMENT.NS', 'ARVINDPORT.NS', 'ASIANTNE.NS', 'ARUNAYA.NS', 'ARMOUR.NS', 'APSISAERO.NS', 'APOORVA.NS', 'APEXECO.NS', 'ASHWINI.NS', 'APRAMEYA.NS', 'ARCIIL.NS', 'ATCENERGY.NS']: possibly delisted; no timezone found
  300/3468     49s  eta  513s
$BALCO.NS: possibly delisted; no timezone found
$BAGDIGITAL.NS: possibly delisted; no timezone found
$BARFLEX.NS: possibly delisted; no timezone found
$BALAJIPHOS.NS: possibly delisted; no timezone found
$AVIENCE.NS: possibly delisted; no timezone found
$AXTEL.NS: possibly delisted; no timezone found
$AZADIND.NS: possibly delisted; no timezone found
$AUSL.NS: possibly delisted; no timezone found
$AVIANSH.NS: possibly delisted; no timezone found
$AVANA.NS: possibly delisted; no timezone found
$AVANCE.NS: possibly delisted; no timezone found
$AVATAR.NS: possibly delisted; no timezone found
$AUSTENG.NS: possibly delisted; no timezone found

13 Failed downloads:
['BALCO.NS', 'BAGDIGITAL.NS', 'BARFLEX.NS', 'BALAJIPHOS.NS', 'AVIENCE.NS', 'AXTEL.NS', 'AZADIND.NS', 'AUSL.NS', 'AVIANSH.NS', 'AVANA.NS', 'AVANCE.NS', 'AVATAR.NS', 'AUSTENG.NS']: possibly delisted; no timezone found
  400/3468     67s  eta  516s
$BMLL.NS: possibly delisted; no timezone found
$BLUECLOUDS.NS: possibly delisted; no timezone found
$BHADORA.NS: possibly delisted; no timezone found
$BIOPOL.NS: possibly delisted; no timezone found
$BIKEWO.NS: possibly delisted; no timezone found
$BLUEWATER.NS: possibly delisted; no timezone found
$BENARAS.NS: possibly delisted; no timezone found

7 Failed downloads:
['BMLL.NS', 'BLUECLOUDS.NS', 'BHADORA.NS', 'BIOPOL.NS', 'BIKEWO.NS', 'BLUEWATER.NS', 'BENARAS.NS']: possibly delisted; no timezone found
  500/3468     83s  eta  493s
$CGVAK.NS: possibly delisted; no timezone found
$CHETANA.NS: possibly delisted; no timezone found
$CHAMUNDA.NS: possibly delisted; no timezone found
$CHANDAN.NS: possibly delisted; no timezone found
$BOSS.NS: possibly delisted; no timezone found
$C2C.NS: possibly delisted; no timezone found
$CHEMCRUX.NS: possibly delisted; no timezone found
$BRACEPORT.NS: possibly delisted; no timezone found
$CEDAAR.NS: possibly delisted; no timezone found
$BRIGHTBR.NS: possibly delisted; no timezone found
$BRANDMAN.NS: possibly delisted; no timezone found
$BPLPHARMA.NS: possibly delisted; no timezone found
$BRAHMINFRA.NS: possibly delisted; no timezone found
$BULKCORP.NS: possibly delisted; no timezone found
$CFEL.NS: possibly delisted; no timezone found

15 Failed downloads:
['CGVAK.NS', 'CHETANA.NS', 'CHAMUNDA.NS', 'CHANDAN.NS', 'BOSS.NS', 'C2C.NS', 'CHEMCRUX.NS', 'BRACEPORT.NS', 'CEDAAR.NS', 'BRIGHTBR.NS', 'BRANDMAN.NS', 'BPLPHARMA.NS', 'BRAHMINFRA.NS', 'BULKCORP.NS', 'CFEL.NS']: possibly delisted; no timezone found
  600/3468    100s  eta  479s
$COMPEAU.NS: possibly delisted; no timezone found
$CURIS.NS: possibly delisted; no timezone found
$CUDML.NS: possibly delisted; no timezone found
$CRSL.NS: possibly delisted; no price data found  (1d 2020-01-21 -> 2026-08-17)
$CLAYCRAFT.NS: possibly delisted; no timezone found
$CONNPLEX.NS: possibly delisted; no timezone found
$CURRENT.NS: possibly delisted; no timezone found
$CKKRETAIL.NS: possibly delisted; no timezone found
$CSSL.NS: possibly delisted; no timezone found
$CLASSICEIL.NS: possibly delisted; no timezone found
$CRAVATEX.NS: possibly delisted; no timezone found

11 Failed downloads:
['COMPEAU.NS', 'CURIS.NS', 'CUDML.NS', 'CLAYCRAFT.NS', 'CONNPLEX.NS', 'CURRENT.NS', 'CKKRETAIL.NS', 'CSSL.NS', 'CLASSICEIL.NS', 'CRAVATEX.NS']: possibly delisted; no timezone found
['CRSL.NS']: possibly delisted; no price data found  (1d 2020-01-21 -> 2026-08-17)
  700/3468    117s  eta  465s
$DHANSA.NS: possibly delisted; no timezone found
$DIVYADHAN.NS: possibly delisted; no timezone found
$DIRL.NS: possibly delisted; no timezone found
$DHOOTTRANS.NS: possibly delisted; no timezone found
$DHARARAIL.NS: possibly delisted; no timezone found
$DCCL.NS: possibly delisted; no timezone found
$DIVINEHIRA.NS: possibly delisted; no timezone found
$DELTIC.NS: possibly delisted; no timezone found
$DEEP.NS: possibly delisted; no price data found  (1d 2020-01-21 -> 2026-08-17)
$DECCANTRAN.NS: possibly delisted; no timezone found
$DANISH.NS: possibly delisted; no timezone found
$DHABRIYA.NS: possibly delisted; no timezone found
$DHARIWAL.NS: possibly delisted; no timezone found
$DHATRE.NS: possibly delisted; no timezone found

14 Failed downloads:
['DHANSA.NS', 'DIVYADHAN.NS', 'DIRL.NS', 'DHOOTTRANS.NS', 'DHARARAIL.NS', 'DCCL.NS', 'DIVINEHIRA.NS', 'DELTIC.NS', 'DECCANTRAN.NS', 'DANISH.NS', 'DHABRIYA.NS', 'DHARIWAL.NS', 'DHATRE.NS']: possibly delisted; no timezone found
['DEEP.NS']: possibly delisted; no price data found  (1d 2020-01-21 -> 2026-08-17)
  800/3468    135s  eta  451s
$EBIX.NS: possibly delisted; no timezone found
$DRSCARGO.NS: possibly delisted; no timezone found
$EEPL.NS: possibly delisted; no timezone found
$DUMMYTRVN.NS: possibly delisted; no timezone found
$DUMMYINXGN.NS: possibly delisted; no timezone found
$ELGNZ.NS: possibly delisted; no timezone found
$ECORECO.NS: possibly delisted; no timezone found
$EKI.NS: possibly delisted; no timezone found
$EASTWEST.NS: possibly delisted; no timezone found
$E2ERAIL.NS: possibly delisted; no timezone found
$ECOLINE.NS: possibly delisted; no timezone found
$EMPIND.NS: possibly delisted; no timezone found
$EMAPARTNER.NS: possibly delisted; no timezone found

13 Failed downloads:
['EBIX.NS', 'DRSCARGO.NS', 'EEPL.NS', 'DUMMYTRVN.NS', 'DUMMYINXGN.NS', 'ELGNZ.NS', 'ECORECO.NS', 'EKI.NS', 'EASTWEST.NS', 'E2ERAIL.NS', 'ECOLINE.NS', 'EMPIND.NS', 'EMAPARTNER.NS']: possibly delisted; no timezone found
  900/3468    152s  eta  433s
$FOCE.NS: possibly delisted; no timezone found
$ENKEIWHEL.NS: possibly delisted; no timezone found
$EXCELLENT.NS: possibly delisted; no timezone found
$ETL.NS: possibly delisted; no timezone found
$ENVIRO.NS: possibly delisted; no timezone found
$ESPRIT.NS: possibly delisted; no timezone found
$ENCOMPAS.NS: possibly delisted; no timezone found
$EPWINDIA.NS: possibly delisted; no timezone found
$EXIMROUTES.NS: possibly delisted; no timezone found
$FINBUD.NS: possibly delisted; no timezone found
$ETML.NS: possibly delisted; no timezone found
$FLYSBS.NS: possibly delisted; no timezone found

12 Failed downloads:
['FOCE.NS', 'ENKEIWHEL.NS', 'EXCELLENT.NS', 'ETL.NS', 'ENVIRO.NS', 'ESPRIT.NS', 'ENCOMPAS.NS', 'EPWINDIA.NS', 'EXIMROUTES.NS', 'FINBUD.NS', 'ETML.NS', 'FLYSBS.NS']: possibly delisted; no timezone found
  1000/3468    167s  eta  413s
$GANGABATH.NS: possibly delisted; no timezone found
$GKB.NS: possibly delisted; no price data found  (1d 2020-01-21 -> 2026-08-17)
$FORCAS.NS: possibly delisted; no timezone found
$FORGEAUTO.NS: possibly delisted; no timezone found
$GANESHIN.NS: possibly delisted; no timezone found
$GAJANAND.NS: possibly delisted; no timezone found
$GJL.NS: possibly delisted; no timezone found
$FRESHARA.NS: possibly delisted; no timezone found
$GENXAI.NS: possibly delisted; no timezone found
$GML.NS: possibly delisted; no timezone found
$FWSTC.NS: possibly delisted; no timezone found
$GCHOTELS.NS: possibly delisted; no timezone found
$FREDUN.NS: possibly delisted; no timezone found

13 Failed downloads:
['GANGABATH.NS', 'FORCAS.NS', 'FORGEAUTO.NS', 'GANESHIN.NS', 'GAJANAND.NS', 'GJL.NS', 'FRESHARA.NS', 'GENXAI.NS', 'GML.NS', 'FWSTC.NS', 'GCHOTELS.NS', 'FREDUN.NS']: possibly delisted; no timezone found
['GKB.NS']: possibly delisted; no price data found  (1d 2020-01-21 -> 2026-08-17)
  1100/3468    185s  eta  398s
$GREENLEAF.NS: possibly delisted; no timezone found

1 Failed download:
['GREENLEAF.NS']: possibly delisted; no timezone found
  1200/3468    198s  eta  375s
$HINDALUMI.NS: possibly delisted; no timezone found
$HINDADH.NS: possibly delisted; no timezone found
$HAZOOR.NS: possibly delisted; no timezone found
$GURUNANAK.NS: possibly delisted; no timezone found
$HBPOR.NS: possibly delisted; no timezone found
$HAMPTON.NS: possibly delisted; no timezone found
$HAPPY.NS: possibly delisted; no timezone found

7 Failed downloads:
['HINDALUMI.NS', 'HINDADH.NS', 'HAZOOR.NS', 'GURUNANAK.NS', 'HBPOR.NS', 'HAMPTON.NS', 'HAPPY.NS']: possibly delisted; no timezone found
  1300/3468    214s  eta  356s
$ICELCO.NS: possibly delisted; no timezone found
$HRYNSHP.NS: possibly delisted; no timezone found
$INDOKEM.NS: possibly delisted; no timezone found
$HVAX.NS: possibly delisted; no timezone found
$IDEALTECHO.NS: possibly delisted; no timezone found
$IDENTICAL.NS: possibly delisted; no timezone found
$HPTL.NS: possibly delisted; no timezone found

7 Failed downloads:
['ICELCO.NS', 'HRYNSHP.NS', 'INDOKEM.NS', 'HVAX.NS', 'IDEALTECHO.NS', 'IDENTICAL.NS', 'HPTL.NS']: possibly delisted; no timezone found
  1400/3468    230s  eta  340s
$INFLUX.NS: possibly delisted; no timezone found
$ITL.NS: possibly delisted; no timezone found
$IPHL.NS: possibly delisted; no timezone found
$INTEGRITY.NS: possibly delisted; no timezone found
$ISTLTD.NS: possibly delisted; no timezone found
$IWARE.NS: possibly delisted; no timezone found
$INVICTA.NS: possibly delisted; no timezone found
$IPRINGLTD.NS: possibly delisted; no price data found  (1d 2020-01-21 -> 2026-08-17)
$INNOMET.NS: possibly delisted; no timezone found
$ITTL.NS: possibly delisted; no timezone found
$JAINIK.NS: possibly delisted; no timezone found

11 Failed downloads:
['INFLUX.NS', 'ITL.NS', 'IPHL.NS', 'INTEGRITY.NS', 'ISTLTD.NS', 'IWARE.NS', 'INVICTA.NS', 'INNOMET.NS', 'ITTL.NS', 'JAINIK.NS']: possibly delisted; no timezone found
['IPRINGLTD.NS']: possibly delisted; no price data found  (1d 2020-01-21 -> 2026-08-17)
  1500/3468    247s  eta  324s
$JYOTIGLOBL.NS: possibly delisted; no timezone found
$JYOTIRES.NS: possibly delisted; no timezone found
$KANCOTEA.NS: possibly delisted; no timezone found
$KATARIA.NS: possibly delisted; no timezone found
$KAYTEX.NS: possibly delisted; no timezone found
$JAYESH.NS: possibly delisted; no timezone found
$KALANA.NS: possibly delisted; no timezone found
$JENBURPH.NS: possibly delisted; no timezone found
$KAMANWALA.NS: possibly delisted; no timezone found
$JEYYAM.NS: possibly delisted; no timezone found
$JAYBEE.NS: possibly delisted; no timezone found

11 Failed downloads:
['JYOTIGLOBL.NS', 'JYOTIRES.NS', 'KANCOTEA.NS', 'KATARIA.NS', 'KAYTEX.NS', 'JAYESH.NS', 'KALANA.NS', 'JENBURPH.NS', 'KAMANWALA.NS', 'JEYYAM.NS', 'JAYBEE.NS']: possibly delisted; no timezone found
  1600/3468    264s  eta  309s
$LADDERUP.NS: possibly delisted; no timezone found
$KKJEWELS.NS: possibly delisted; no timezone found
$KRMAYURVED.NS: possibly delisted; no timezone found
$KSE.NS: possibly delisted; no price data found  (1d 2020-01-21 -> 2026-08-17)
$KMCSHIL.NS: possibly delisted; no timezone found
$KJMCFIN.NS: possibly delisted; no timezone found
$KEN.NS: possibly delisted; no timezone found

7 Failed downloads:
['LADDERUP.NS', 'KKJEWELS.NS', 'KRMAYURVED.NS', 'KMCSHIL.NS', 'KJMCFIN.NS', 'KEN.NS']: possibly delisted; no timezone found
['KSE.NS']: possibly delisted; no price data found  (1d 2020-01-21 -> 2026-08-17)
  1700/3468    280s  eta  292s
$LAKSHYA.NS: possibly delisted; no timezone found
$MACOBSTECH.NS: possibly delisted; no timezone found
$LKPSEC.NS: possibly delisted; no timezone found
$LAMOSAIC.NS: possibly delisted; no timezone found
$LOTUSCHO.NS: possibly delisted; no timezone found
$LANCER.NS: possibly delisted; no timezone found
$LAKSHMIMIL.NS: possibly delisted; no timezone found
$LEENEE.NS: possibly delisted; no timezone found

8 Failed downloads:
['LAKSHYA.NS', 'MACOBSTECH.NS', 'LKPSEC.NS', 'LAMOSAIC.NS', 'LOTUSCHO.NS', 'LANCER.NS', 'LAKSHMIMIL.NS', 'LEENEE.NS']: possibly delisted; no timezone found
  1800/3468    297s  eta  275s
$MANBRO.NS: possibly delisted; no timezone found
$MEDICAPQ.NS: possibly delisted; no timezone found
$MAXVOLT.NS: possibly delisted; no timezone found
$MAKERSL.NS: possibly delisted; no timezone found
$MAYASHEEL.NS: possibly delisted; no timezone found
$MARUSHIKA.NS: possibly delisted; no timezone found
$MANILAM.NS: possibly delisted; no timezone found
$MEDISTEP.NS: possibly delisted; no timezone found

8 Failed downloads:
['MANBRO.NS', 'MEDICAPQ.NS', 'MAXVOLT.NS', 'MAKERSL.NS', 'MAYASHEEL.NS', 'MARUSHIKA.NS', 'MANILAM.NS', 'MEDISTEP.NS']: possibly delisted; no timezone found
  1900/3468    313s  eta  258s
$MIEL.NS: possibly delisted; no timezone found
$MOBILISE.NS: possibly delisted; no timezone found
$MLKFOOD.NS: possibly delisted; no timezone found
$MGSL.NS: possibly delisted; no timezone found
$METALIC.NS: possibly delisted; no timezone found
$MIIL.NS: possibly delisted; no timezone found
$MKEXIM.NS: possibly delisted; no timezone found
$MOLBIO.NS: possibly delisted; no timezone found
$MMEL.NS: possibly delisted; no timezone found
$MOHITE.NS: possibly delisted; no timezone found
$MINALIND.NS: possibly delisted; no timezone found

11 Failed downloads:
['MIEL.NS', 'MOBILISE.NS', 'MLKFOOD.NS', 'MGSL.NS', 'METALIC.NS', 'MIIL.NS', 'MKEXIM.NS', 'MOLBIO.NS', 'MMEL.NS', 'MOHITE.NS', 'MINALIND.NS']: possibly delisted; no timezone found
  2000/3468    327s  eta  240s
$MUKESHB.NS: possibly delisted; no timezone found
$MRIL.NS: possibly delisted; no timezone found
$MUNISH.NS: possibly delisted; no timezone found
$MYMUDRA.NS: possibly delisted; no timezone found
$NAMOEWASTE.NS: possibly delisted; no timezone found
$MYSORPETRO.NS: possibly delisted; no timezone found
$MPEL.NS: possibly delisted; no timezone found
$MSL.NS: possibly delisted; no price data found  (1d 2020-01-21 -> 2026-08-17)
$MPDL.NS: possibly delisted; no timezone found
$MONOLITH.NS: possibly delisted; no timezone found

10 Failed downloads:
['MUKESHB.NS', 'MRIL.NS', 'MUNISH.NS', 'MYMUDRA.NS', 'NAMOEWASTE.NS', 'MYSORPETRO.NS', 'MPEL.NS', 'MPDL.NS', 'MONOLITH.NS']: possibly delisted; no timezone found
['MSL.NS']: possibly delisted; no price data found  (1d 2020-01-21 -> 2026-08-17)
  2100/3468    345s  eta  224s
$NTCIND.NS: possibly delisted; no timezone found
$NFPSAMPOOR.NS: possibly delisted; no timezone found
$OBSCP.NS: possibly delisted; no timezone found
$NRVANDANA.NS: possibly delisted; no timezone found
$NEPTUNE.NS: possibly delisted; no timezone found
$NEELAM.NS: possibly delisted; no timezone found
$NICCOPAR.NS: possibly delisted; no timezone found
$NMSTEEL.NS: possibly delisted; no timezone found
$NIKITA.NS: possibly delisted; no timezone found
$NEOCHEM.NS: possibly delisted; no timezone found

10 Failed downloads:
['NTCIND.NS', 'NFPSAMPOOR.NS', 'OBSCP.NS', 'NRVANDANA.NS', 'NEPTUNE.NS', 'NEELAM.NS', 'NICCOPAR.NS', 'NMSTEEL.NS', 'NIKITA.NS', 'NEOCHEM.NS']: possibly delisted; no timezone found
  2200/3468    361s  eta  208s
$OPTIVALUE.NS: possibly delisted; no timezone found
$ONYX.NS: possibly delisted; no timezone found
$PANORAMA.NS: possibly delisted; no timezone found
$ODYCORP.NS: possibly delisted; no timezone found
$PACIFICI.NS: possibly delisted; no timezone found
$PARTH.NS: possibly delisted; no timezone found
$ONEGLOBAL.NS: possibly delisted; no timezone found
$OPTIFIN.NS: possibly delisted; no timezone found
$PARAMOUNT.NS: possibly delisted; no timezone found
$PANCHMAHQ.NS: possibly delisted; no timezone found
$PARAMPARA.NS: possibly delisted; no timezone found
$PARNAXLAB.NS: possibly delisted; no timezone found
$OPTIMYSTIX.NS: possibly delisted; no timezone found
$OSELDEVICE.NS: possibly delisted; no timezone found
$ORIRAIL.NS: possibly delisted; no timezone found
$PATILAUTOM.NS: possibly delisted; no timezone found
$PARAMATRIX.NS: possibly delisted; no timezone found
$ONIXSOLAR.NS: possibly delisted; no timezone found
$PBMPOLY.NS: possibly delisted; no timezone found

19 Failed downloads:
['OPTIVALUE.NS', 'ONYX.NS', 'PANORAMA.NS', 'ODYCORP.NS', 'PACIFICI.NS', 'PARTH.NS', 'ONEGLOBAL.NS', 'OPTIFIN.NS', 'PARAMOUNT.NS', 'PANCHMAHQ.NS', 'PARAMPARA.NS', 'PARNAXLAB.NS', 'OPTIMYSTIX.NS', 'OSELDEVICE.NS', 'ORIRAIL.NS', 'PATILAUTOM.NS', 'PARAMATRIX.NS', 'ONIXSOLAR.NS', 'PBMPOLY.NS']: possibly delisted; no timezone found
  2300/3468    378s  eta  192s
$POLYSPIN.NS: possibly delisted; no timezone found
$PELATRO.NS: possibly delisted; no timezone found
$PRANIK.NS: possibly delisted; no timezone found
$PRIMECAB.NS: possibly delisted; no timezone found
$PERMAGN.NS: possibly delisted; no timezone found
$PPSL.NS: possibly delisted; no timezone found
$POSITRON.NS: possibly delisted; no timezone found
$PHOENXINTL.NS: possibly delisted; no timezone found
$PREMIUM.NS: possibly delisted; no timezone found
$POEL.NS: possibly delisted; no timezone found
$PHOGLOBAL.NS: possibly delisted; no timezone found

11 Failed downloads:
['POLYSPIN.NS', 'PELATRO.NS', 'PRANIK.NS', 'PRIMECAB.NS', 'PERMAGN.NS', 'PPSL.NS', 'POSITRON.NS', 'PHOENXINTL.NS', 'PREMIUM.NS', 'POEL.NS', 'PHOGLOBAL.NS']: possibly delisted; no timezone found
  2400/3468    394s  eta  175s
$QVCEL.NS: possibly delisted; no timezone found
$RAPPID.NS: possibly delisted; no timezone found
$RAJPUTANA.NS: possibly delisted; no timezone found
$PSRAJ.NS: possibly delisted; no timezone found
$PRISMX.NS: possibly delisted; no timezone found
$PSFL.NS: possibly delisted; no timezone found
$PURPLEUTED.NS: possibly delisted; no timezone found
$PUSHPA.NS: possibly delisted; no timezone found
$RAPIDFLEET.NS: possibly delisted; no timezone found
$PROFX.NS: possibly delisted; no timezone found
$PROPSHOP.NS: possibly delisted; no timezone found
$RAJINDLTD.NS: possibly delisted; no timezone found
$QLINE.NS: possibly delisted; no timezone found

13 Failed downloads:
['QVCEL.NS', 'RAPPID.NS', 'RAJPUTANA.NS', 'PSRAJ.NS', 'PRISMX.NS', 'PSFL.NS', 'PURPLEUTED.NS', 'PUSHPA.NS', 'RAPIDFLEET.NS', 'PROFX.NS', 'PROPSHOP.NS', 'RAJINDLTD.NS', 'QLINE.NS']: possibly delisted; no timezone found
  2500/3468    410s  eta  159s
$READYMIX.NS: possibly delisted; no timezone found
$RRECL.NS: possibly delisted; no timezone found
$RTL.NS: possibly delisted; no timezone found
$ROYALARC.NS: possibly delisted; no timezone found
$REXPRO.NS: possibly delisted; no timezone found
$RTSPOWR.NS: possibly delisted; no timezone found
$RFBL.NS: possibly delisted; no timezone found
$RICHA.NS: possibly delisted; no timezone found
$RNFI.NS: possibly delisted; no timezone found
$RNPL.NS: possibly delisted; no timezone found

10 Failed downloads:
['READYMIX.NS', 'RRECL.NS', 'RTL.NS', 'ROYALARC.NS', 'REXPRO.NS', 'RTSPOWR.NS', 'RFBL.NS', 'RICHA.NS', 'RNFI.NS', 'RNPL.NS']: possibly delisted; no timezone found
  2600/3468    428s  eta  143s
$SAICAPI.NS: possibly delisted; no timezone found
$SAJHOTELS.NS: possibly delisted; no timezone found
$SAMAY.NS: possibly delisted; no timezone found
$SAB.NS: possibly delisted; no timezone found
$SATTVAENGG.NS: possibly delisted; no timezone found
$SAWALIYA.NS: possibly delisted; no timezone found
$SAHASRA.NS: possibly delisted; no timezone found
$SACHEEROME.NS: possibly delisted; no timezone found
$SATECH.NS: possibly delisted; no timezone found
$SATKARTAR.NS: possibly delisted; no timezone found
$SAVY.NS: possibly delisted; no timezone found
$SAYAJIIND.NS: possibly delisted; no timezone found
$SAFEENTP.NS: possibly delisted; no timezone found
$SAMBANDAM.NS: possibly delisted; no price data found  (1d 2020-01-21 -> 2026-08-17)

14 Failed downloads:
['SAICAPI.NS', 'SAJHOTELS.NS', 'SAMAY.NS', 'SAB.NS', 'SATTVAENGG.NS', 'SAWALIYA.NS', 'SAHASRA.NS', 'SACHEEROME.NS', 'SATECH.NS', 'SATKARTAR.NS', 'SAVY.NS', 'SAYAJIIND.NS', 'SAFEENTP.NS']: possibly delisted; no timezone found
['SAMBANDAM.NS']: possibly delisted; no price data found  (1d 2020-01-21 -> 2026-08-17)
  2700/3468    444s  eta  126s
$SGRL.NS: possibly delisted; no timezone found
$SHKSIL.NS: possibly delisted; no timezone found
$SHRADDHA.NS: possibly delisted; no timezone found
$SEKURITIND.NS: possibly delisted; no timezone found
$SHREEDHAR.NS: possibly delisted; no timezone found
$SDREAMS.NS: possibly delisted; no timezone found
$SHIVASHRIT.NS: possibly delisted; no timezone found
$SHERVANI.NS: possibly delisted; no timezone found
$SHETHJI.NS: possibly delisted; no timezone found
$SELLOWRAP.NS: possibly delisted; no timezone found
$SFML.NS: possibly delisted; no timezone found
$SGLRES.NS: possibly delisted; no timezone found
$SHIVACEM.NS: possibly delisted; no timezone found
$SHIVAAGRO.NS: possibly delisted; no timezone found
$SHEEL.NS: possibly delisted; no timezone found
$SHILGRAVQ.NS: possibly delisted; no timezone found

16 Failed downloads:
['SGRL.NS', 'SHKSIL.NS', 'SHRADDHA.NS', 'SEKURITIND.NS', 'SHREEDHAR.NS', 'SDREAMS.NS', 'SHIVASHRIT.NS', 'SHERVANI.NS', 'SHETHJI.NS', 'SELLOWRAP.NS', 'SFML.NS', 'SGLRES.NS', 'SHIVACEM.NS', 'SHIVAAGRO.NS', 'SHEEL.NS', 'SHILGRAVQ.NS']: possibly delisted; no timezone found
  2800/3468    461s  eta  110s
$SHRIKANHA.NS: possibly delisted; no timezone found
$SIMCA.NS: possibly delisted; no timezone found
$SHUBHSHREE.NS: possibly delisted; no timezone found
$SHRJAGP.NS: possibly delisted; no timezone found
$SIMPLXREA.NS: possibly delisted; no timezone found
$SHYAMDHANI.NS: possibly delisted; no timezone found
$SIDDHICOTS.NS: possibly delisted; no timezone found
$SMARTEN.NS: possibly delisted; no timezone found
$SNEHAA.NS: possibly delisted; no timezone found
$SOCL.NS: possibly delisted; no timezone found
$SIEL.NS: possibly delisted; no price data found  (1d 2020-01-21 -> 2026-08-17)
$SILKY.NS: possibly delisted; no timezone found
$SHRIAHIMSA.NS: possibly delisted; no timezone found

13 Failed downloads:
['SHRIKANHA.NS', 'SIMCA.NS', 'SHUBHSHREE.NS', 'SHRJAGP.NS', 'SIMPLXREA.NS', 'SHYAMDHANI.NS', 'SIDDHICOTS.NS', 'SMARTEN.NS', 'SNEHAA.NS', 'SOCL.NS', 'SILKY.NS', 'SHRIAHIMSA.NS']: possibly delisted; no timezone found
['SIEL.NS']: possibly delisted; no price data found  (1d 2020-01-21 -> 2026-08-17)
  2900/3468    477s  eta   93s
$SPCON.NS: possibly delisted; no timezone found
$STUDIOLSD.NS: possibly delisted; no timezone found
$SUMEDHA.NS: possibly delisted; no timezone found
$SRIKPRIND.NS: possibly delisted; no timezone found
$SUNLOC.NS: possibly delisted; no timezone found
$SUBAHOTELS.NS: possibly delisted; no timezone found
$SPUNWEB.NS: possibly delisted; no timezone found
$SUNTECH.NS: possibly delisted; no timezone found
$SUNLITE.NS: possibly delisted; no timezone found
$SUNRAKSHAK.NS: possibly delisted; no timezone found
$STLSTRINF.NS: possibly delisted; no timezone found
$SUNSHIEL.NS: possibly delisted; no timezone found
$SPPPOLY.NS: possibly delisted; no timezone found
$SPEB.NS: possibly delisted; no timezone found
$SSEGL.NS: possibly delisted; no timezone found
$SPELS.NS: possibly delisted; no timezone found
$STRIDERS.NS: possibly delisted; no timezone found

17 Failed downloads:
['SPCON.NS', 'STUDIOLSD.NS', 'SUMEDHA.NS', 'SRIKPRIND.NS', 'SUNLOC.NS', 'SUBAHOTELS.NS', 'SPUNWEB.NS', 'SUNTECH.NS', 'SUNLITE.NS', 'SUNRAKSHAK.NS', 'STLSTRINF.NS', 'SUNSHIEL.NS', 'SPPPOLY.NS', 'SPEB.NS', 'SSEGL.NS', 'SPELS.NS', 'STRIDERS.NS']: possibly delisted; no timezone found
  3000/3468    495s  eta   77s
$TANAA.NS: possibly delisted; no timezone found
$TANKUP.NS: possibly delisted; no timezone found
$TEAMTECH.NS: possibly delisted; no timezone found
$SWARNSAR.NS: possibly delisted; no timezone found
$SVGLOBAL.NS: possibly delisted; no timezone found
$SUPTANERY.NS: possibly delisted; no timezone found
$SWISSMLTRY.NS: possibly delisted; no timezone found
$TECHERA.NS: possibly delisted; no timezone found
$TECHD.NS: possibly delisted; no timezone found
$TAURIAN.NS: possibly delisted; no timezone found

10 Failed downloads:
['TANAA.NS', 'TANKUP.NS', 'TEAMTECH.NS', 'SWARNSAR.NS', 'SVGLOBAL.NS', 'SUPTANERY.NS', 'SWISSMLTRY.NS', 'TECHERA.NS', 'TECHD.NS', 'TAURIAN.NS']: possibly delisted; no timezone found
  3100/3468    511s  eta   61s
$TRITONV.NS: possibly delisted; no timezone found
$TSC.NS: possibly delisted; no timezone found
$TEJA.NS: possibly delisted; no timezone found
$TEJASCARGO.NS: possibly delisted; no timezone found
$TRANSCOR.NS: possibly delisted; no timezone found
$THESL.NS: possibly delisted; no timezone found
$TERAI.NS: possibly delisted; no timezone found
$TROM.NS: possibly delisted; no timezone found
$TUTIALKA.NS: possibly delisted; no timezone found
$TOYAMSL.NS: possibly delisted; no timezone found
$TGVSL.NS: possibly delisted; no timezone found

11 Failed downloads:
['TRITONV.NS', 'TSC.NS', 'TEJA.NS', 'TEJASCARGO.NS', 'TRANSCOR.NS', 'THESL.NS', 'TERAI.NS', 'TROM.NS', 'TUTIALKA.NS', 'TOYAMSL.NS', 'TGVSL.NS']: possibly delisted; no timezone found
  3200/3468    528s  eta   44s
$VALUE360.NS: possibly delisted; no timezone found
$UHTL.NS: possibly delisted; no timezone found
$VDEAL.NS: possibly delisted; no timezone found
$UTSSAV.NS: possibly delisted; no timezone found
$VASUPRADA.NS: possibly delisted; no timezone found
$UPHOT.NS: possibly delisted; no timezone found
$USHAFIN.NS: possibly delisted; no timezone found
$VEDAVAAG.NS: possibly delisted; no timezone found
$UNILEX.NS: possibly delisted; no timezone found
$VADILENT.NS: possibly delisted; no timezone found
$UTKAL.NS: possibly delisted; no timezone found
$UDAYJEW.NS: possibly delisted; no timezone found

12 Failed downloads:
['VALUE360.NS', 'UHTL.NS', 'VDEAL.NS', 'UTSSAV.NS', 'VASUPRADA.NS', 'UPHOT.NS', 'USHAFIN.NS', 'VEDAVAAG.NS', 'UNILEX.NS', 'VADILENT.NS', 'UTKAL.NS', 'UDAYJEW.NS']: possibly delisted; no timezone found
  3300/3468    545s  eta   28s
$VTMLTD.NS: possibly delisted; no timezone found
$VOLERCAR.NS: possibly delisted; no timezone found
$VOITHPAPR.NS: possibly delisted; no timezone found
$VIGOR.NS: possibly delisted; no timezone found
$VISDEM.NS: possibly delisted; no timezone found
$VIRAT.NS: possibly delisted; no timezone found
$VIVOBIOT.NS: possibly delisted; no timezone found
$VGINFOTECH.NS: possibly delisted; no timezone found
$VMOBILE.NS: possibly delisted; no timezone found
$VIVIDEL.NS: possibly delisted; no timezone found
$VIESL.NS: possibly delisted; no timezone found
$VICTORYEV.NS: possibly delisted; no timezone found
$WATERBASE.NS: possibly delisted; no timezone found
$WARDINMOBI.NS: possibly delisted; no timezone found
$VIJSOLX.NS: possibly delisted; no timezone found
$VLINFRA.NS: possibly delisted; no timezone found
$VGCL.NS: possibly delisted; no timezone found
$VIRTUALG.NS: possibly delisted; no timezone found
$VIJAYPD.NS: possibly delisted; no timezone found

19 Failed downloads:
['VTMLTD.NS', 'VOLERCAR.NS', 'VOITHPAPR.NS', 'VIGOR.NS', 'VISDEM.NS', 'VIRAT.NS', 'VIVOBIOT.NS', 'VGINFOTECH.NS', 'VMOBILE.NS', 'VIVIDEL.NS', 'VIESL.NS', 'VICTORYEV.NS', 'WATERBASE.NS', 'WARDINMOBI.NS', 'VIJSOLX.NS', 'VLINFRA.NS', 'VGCL.NS', 'VIRTUALG.NS', 'VIJAYPD.NS']: possibly delisted; no timezone found
  3400/3468    561s  eta   11s
$WHBRADY.NS: possibly delisted; no timezone found
$YAAP.NS: possibly delisted; no timezone found
$WOL3D.NS: possibly delisted; no timezone found
$YOGI.NS: possibly delisted; no price data found  (1d 2020-01-21 -> 2026-08-17)
$WHITEFORCE.NS: possibly delisted; no timezone found

5 Failed downloads:
['WHBRADY.NS', 'YAAP.NS', 'WOL3D.NS', 'WHITEFORCE.NS']: possibly delisted; no timezone found
['YOGI.NS']: possibly delisted; no price data found  (1d 2020-01-21 -> 2026-08-17)
  3468/3468    572s  eta    0s

[36m==================================================================
== 3. result
==================================================================[0m
  [32mok  [0m 3,065 cached, 403 no data, 0 errors, 573s
       0.165s per symbol (the serialised path was ~0.45s)
       symbols without data written to /opt/breakoutscanner/data_cache/prefetch_no_data.txt
       e.g. AAKAAR, AARADHYA, ABHAPOWER, ACCPL, ACETEC, ACGL, ACTIVEINFR, ADDICTIVE

  [1mNow run the build. It should read cache and finish in a fraction of
  the time — that comparison is the point, so time it:[0m

      time sudo -u breakout /opt/breakoutscanner/.venv/bin/python \
        /opt/breakoutscanner/build_snapshot.py --symbols-file /opt/breakoutscanner/nse_all_equity.txt

  [33mIf it is still slow, the cache is being rejected rather than missing,
  and the min_rows threshold is the next thing to change — not this.[0m
--- building snapshot ---
Nifty Capital Markets: no constituent file found (24 URLs tried)
  [32mok[0m  302 symbols classified as ETFs/funds (data_cache/nse_funds.txt)
  [32mok[0m  209 F&O underlyings (data_cache/nse_fno.txt)

[36m== building snapshot: /opt/breakoutscanner/nse_all_equity.txt ==[0m
  /opt/breakoutscanner/nse_all_equity.txt: 3468 symbols
  skipping 403 symbol(s) prefetch found no data for (it retries them on its next run)
  breakout detector: detect_breakout(df, symbol, timeframe, cfg, mode, vol_mult, lookback, atr_period, atr_mult, direction_filter)
  25/3065      4s  eta  479s
  50/3065      7s  eta  435s
  75/3065     10s  eta  416s
  100/3065     14s  eta  404s
  125/3065     17s  eta  398s
  150/3065     20s  eta  396s
  175/3065     24s  eta  392s
  200/3065     27s  eta  383s
  225/3065     30s  eta  376s
  250/3065     33s  eta  371s
  275/3065     36s  eta  364s
  300/3065     38s  eta  354s
  325/3065     41s  eta  344s
  350/3065     44s  eta  339s
  375/3065     47s  eta  335s
  400/3065     50s  eta  332s
  425/3065     53s  eta  329s
  450/3065     56s  eta  327s
  475/3065     60s  eta  325s
  500/3065     63s  eta  324s
  525/3065     67s  eta  323s
  550/3065     70s  eta  320s
  575/3065     73s  eta  318s
  600/3065     77s  eta  316s
  625/3065     80s  eta  313s
  650/3065     83s  eta  310s
  675/3065     86s  eta  306s
  700/3065     89s  eta  302s
  725/3065     92s  eta  298s
  750/3065     95s  eta  295s
  775/3065     99s  eta  292s
  800/3065    102s  eta  288s
  825/3065    105s  eta  284s
  850/3065    108s  eta  281s
  875/3065    111s  eta  278s
  900/3065    114s  eta  275s
  925/3065    118s  eta  273s
  950/3065    121s  eta  269s
  975/3065    124s  eta  266s
  1000/3065    127s  eta  262s
  1025/3065    130s  eta  258s
  1050/3065    132s  eta  254s
  1075/3065    135s  eta  251s
  1100/3065    138s  eta  247s
  1125/3065    141s  eta  243s
  1150/3065    144s  eta  240s
  1175/3065    147s  eta  237s
  1200/3065    150s  eta  234s
  1225/3065    154s  eta  231s
  1250/3065    157s  eta  228s
  1275/3065    160s  eta  224s
  1300/3065    163s  eta  221s
  1325/3065    166s  eta  218s
  1350/3065    169s  eta  214s
  1375/3065    172s  eta  212s
  1400/3065    176s  eta  209s
  1425/3065    179s  eta  206s
  1450/3065    182s  eta  203s
  1475/3065    185s  eta  200s
  1500/3065    188s  eta  196s
  1525/3065    191s  eta  193s
  1550/3065    194s  eta  190s
  1575/3065    198s  eta  187s
  1600/3065    201s  eta  184s
  1625/3065    204s  eta  181s
  1650/3065    207s  eta  178s
  1675/3065    210s  eta  174s
  1700/3065    213s  eta  171s
  1725/3065    216s  eta  168s
  1750/3065    219s  eta  165s
  1775/3065    221s  eta  161s
  1800/3065    225s  eta  158s
  1825/3065    227s  eta  155s
  1850/3065    231s  eta  151s
  1875/3065    234s  eta  148s
  1900/3065    237s  eta  145s
  1925/3065    241s  eta  143s
  1950/3065    244s  eta  139s
  1975/3065    247s  eta  136s
  2000/3065    250s  eta  133s
  2025/3065    253s  eta  130s
  2050/3065    255s  eta  126s
  2075/3065    259s  eta  123s
  2100/3065    262s  eta  120s
  2125/3065    264s  eta  117s
  2150/3065    267s  eta  114s
  2175/3065    270s  eta  110s
  2200/3065    273s  eta  107s
  2225/3065    276s  eta  104s
  2250/3065    279s  eta  101s
  2275/3065    282s  eta   98s
  2300/3065    284s  eta   95s
  2325/3065    287s  eta   91s
  2350/3065    290s  eta   88s
  2375/3065    294s  eta   85s
  2400/3065    298s  eta   83s
  2425/3065    301s  eta   79s
  2450/3065    304s  eta   76s
  2475/3065    308s  eta   73s
  2500/3065    311s  eta   70s
  2525/3065    314s  eta   67s
  2550/3065    317s  eta   64s
  2575/3065    321s  eta   61s
  2600/3065    324s  eta   58s
  2625/3065    327s  eta   55s
  2650/3065    330s  eta   52s
  2675/3065    333s  eta   49s
  2700/3065    336s  eta   45s
  2725/3065    339s  eta   42s
  2750/3065    343s  eta   39s
  2775/3065    346s  eta   36s
  2800/3065    349s  eta   33s
  2825/3065    352s  eta   30s
  2850/3065    356s  eta   27s
  2875/3065    359s  eta   24s
  2900/3065    362s  eta   21s
  2925/3065    366s  eta   18s
  2950/3065    371s  eta   14s
2026-08-16T09:56:23+00:00  another build holds the lock; exiting
  2975/3065    378s  eta   11s
  3000/3065    381s  eta    8s
Traceback (most recent call last):
  File "/opt/breakoutscanner/build_snapshot.py", line 1039, in <module>
    sys.exit(main())
             ^^^^^^
  File "/opt/breakoutscanner/build_snapshot.py", line 1015, in main
    df = build(a.universe, limit=a.limit, symbols_file=a.symbols_file)
         ^^^^^^^^^^^^^^^^^^^^^^^^^^^^^^^^^^^^^^^^^^^^^^^^^^^^^^^^^^^^^
  File "/opt/breakoutscanner/build_snapshot.py", line 530, in build
    m = screen.compute_metrics(bars, bench3, index_bars=nifty,
        ^^^^^^^^^^^^^^^^^^^^^^^^^^^^^^^^^^^^^^^^^^^^^^^^^^^^^^
  File "/opt/breakoutscanner/screen.py", line 469, in compute_metrics
    out["oneil_score"] = oneil_score(b)
                         ^^^^^^^^^^^^^^
  File "/opt/breakoutscanner/screen.py", line 213, in oneil_score
    r = _pct_return(close, w)
        ^^^^^^^^^^^^^^^^^^^^^
  File "/opt/breakoutscanner/screen.py", line 145, in _pct_return
    s = series.dropna()
        ^^^^^^^^^^^^^^^
  File "/opt/breakoutscanner/.venv/lib/python3.12/site-packages/pandas/core/series.py", line 5919, in dropna
    result = remove_na_arraylike(self)
             ^^^^^^^^^^^^^^^^^^^^^^^^^
  File "/opt/breakoutscanner/.venv/lib/python3.12/site-packages/pandas/core/dtypes/missing.py", line 725, in remove_na_arraylike
    return arr[notna(np.asarray(arr))]
                     ^^^^^^^^^^^^^^^
  File "/opt/breakoutscanner/.venv/lib/python3.12/site-packages/pandas/core/generic.py", line 6318, in __getattr__
    and self._info_axis._can_hold_identifiers_and_holds_name(name)
        ^^^^^^^^^^^^^^^^^^^^^^^^^^^^^^^^^^^^^^^^^^^^^^^^^^^^^^^^^^
  File "/opt/breakoutscanner/.venv/lib/python3.12/site-packages/pandas/core/indexes/base.py", line 5460, in _can_hold_identifiers_and_holds_name
    is_object_dtype(self.dtype)
  File "/opt/breakoutscanner/.venv/lib/python3.12/site-packages/pandas/core/dtypes/common.py", line 167, in is_object_dtype
    return _is_dtype_type(arr_or_dtype, classes(np.object_))
           ^^^^^^^^^^^^^^^^^^^^^^^^^^^^^^^^^^^^^^^^^^^^^^^^^
  File "/opt/breakoutscanner/.venv/lib/python3.12/site-packages/pandas/core/dtypes/common.py", line 1444, in _is_dtype_type
    def _is_dtype_type(arr_or_dtype, condition) -> bool:
    
KeyboardInterrupt
=== nightly build started 2026-08-16T09:57:23+00:00 ===
--- refreshing universe ---

[36m==================================================================
== 1. fetching every NSE instrument
==================================================================[0m
  [32mok  [0m 114,870 instruments in the dump

  everything Kite tags segment=NSE instrument_type=EQ,
  broken down by SERIES (the suffix after the hyphen):

    SG                     4298   [33mdropped (debt/other)[0m
    EQ (no suffix)         2977   [32mKEPT[0m
    N0                      977   [33mdropped (debt/other)[0m
    SM                      439   [32mKEPT[0m
    BE                      230   [32mKEPT[0m
    GS                      130   [33mdropped (debt/other)[0m
    ST                      120   [32mKEPT[0m
    N1                      107   [33mdropped (debt/other)[0m
    TB                       84   [33mdropped (debt/other)[0m
    SF                       50   [33mdropped (debt/other)[0m
    GB                       45   [33mdropped (debt/other)[0m
    BZ                       38   [32mKEPT[0m
    N2                       37   [33mdropped (debt/other)[0m
    N3                       29   [33mdropped (debt/other)[0m

  [1m3,466 equities kept, 6,257 dropped[0m

  KSHINTL present: [1mTrue[0m
  sample: 20MICRONS, 21STCENMGM, 360ONE, 3BBLACKBIO, 3IINFOLTD, 3MINDIA, 3PLAND, 5PAISA, 63MOONS, A2ZINFRA ...

[36m==================================================================
== 2. how much is currently invisible
==================================================================[0m
  5 index list(s) consulted (excluding 'NSE All Equity' itself)
  scannable today      752
  [1mnewly scannable      2,716[0m

  a few that were invisible: 20MICRONS, 21STCENMGM, 3BBLACKBIO, 3IINFOLTD, 3PLAND, 5PAISA, 63MOONS, A2ZINFRA, AAATECH, AAKAAR, AAKASH, AARADHYA ...

  [33m2 symbol(s) are in your NIFTY indices but NOT in the equity dump:[0m
    DUMMYINXGN, DUMMYTRVN
  [32madded them — the universe is now a strict superset of the tradeable names you scan today[0m

[36m==================================================================
== 3. output
==================================================================[0m
  /opt/breakoutscanner/nse_all_equity.txt
  [32mok  [0m wrote 3,468 symbols (28,729 bytes)
  [32mok  [0m re-read cleanly; KSHINTL is in the list

[36m==================================================================
== next
==================================================================[0m
  Try a slice first — 2,000 symbols on a 512 MB box is a real risk:

    sudo -u breakout /opt/breakoutscanner/.venv/bin/python \
      /opt/breakoutscanner/build_snapshot.py \
      --symbols-file /opt/breakoutscanner/nse_all_equity.txt --limit 300

  If that completes, drop --limit for the full run. Watch it the first
  time. [33mAn OOM kill stops it mid-build, and a truncated snapshot is the
  silent-wrong failure we have spent this session removing.[0m

  Then confirm the stock that started this:

    sudo -u breakout /opt/breakoutscanner/.venv/bin/python \
      /opt/breakoutscanner/diagnose_symbol.py KSHINTL
universe: 3468 symbols
--- prefetching price cache ---
$ACETEC.NS: possibly delisted; no timezone found
$ABHAPOWER.NS: possibly delisted; no timezone found
$ACCPL.NS: possibly delisted; no timezone found
$ADVIKCA.NS: possibly delisted; no timezone found
$ADISOFT.NS: possibly delisted; no timezone found
$AAKAAR.NS: possibly delisted; no timezone found
$AERON.NS: possibly delisted; no timezone found
$ADDIND.NS: possibly delisted; no timezone found
$ACGL.NS: possibly delisted; no timezone found
$ADDICTIVE.NS: possibly delisted; no timezone found
$AARADHYA.NS: possibly delisted; no timezone found
$AESTHETIK.NS: possibly delisted; no timezone found
$ACTIVEINFR.NS: possibly delisted; no timezone found

13 Failed downloads:
['ACETEC.NS', 'ABHAPOWER.NS', 'ACCPL.NS', 'ADVIKCA.NS', 'ADISOFT.NS', 'AAKAAR.NS', 'AERON.NS', 'ADDIND.NS', 'ACGL.NS', 'ADDICTIVE.NS', 'AARADHYA.NS', 'AESTHETIK.NS', 'ACTIVEINFR.NS']: possibly delisted; no timezone found
  [33mwarn[0m --app points at the ORIGINAL app, not the lab.
  [33mwarn[0m That is allowed but not the default. Ctrl-C now if unintended.

[36m==================================================================
== 1. wiring  (/opt/breakoutscanner)
==================================================================[0m
  [32mok  [0m yfinance 1.5.2, pandas 2.3.3
  [32mok  [0m cache dir /opt/breakoutscanner/data_cache/prices_daily
  [32mok  [0m yahoo_ticker and _normalize_ohlcv available
  [32mok  [0m 3,468 symbols from nse_all_equity.txt

  window     2020-01-21 -> 2026-08-17  (2400 calendar days)
  batches    35 x 100
  [1mvs the current path: 3,468 serialised requests[0m

[36m==================================================================
== 2. fetching
==================================================================[0m
  100/3468     16s  eta  531s
$ANONDITA.NS: possibly delisted; no timezone found
$AMAL.NS: possibly delisted; no timezone found
$ANDREWYU.NS: possibly delisted; no timezone found
$ALUFLUOR.NS: possibly delisted; no timezone found
$ALFREDHE.NS: possibly delisted; no timezone found
$AMBAAUTO.NS: possibly delisted; no timezone found
$AMARJOTHI.NS: possibly delisted; no price data found  (1d 2020-01-21 -> 2026-08-17)
$AMBANIORGO.NS: possibly delisted; no timezone found
$ALCODIS.NS: possibly delisted; no timezone found
$ANSALBU.NS: possibly delisted; no timezone found
$ANAWIL.NS: possibly delisted; no timezone found
$AGARWALTUF.NS: possibly delisted; no timezone found
$AKANKSHA.NS: possibly delisted; no timezone found
$AMCL.NS: possibly delisted; no timezone found

14 Failed downloads:
['ANONDITA.NS', 'AMAL.NS', 'ANDREWYU.NS', 'ALUFLUOR.NS', 'ALFREDHE.NS', 'AMBAAUTO.NS', 'AMBANIORGO.NS', 'ALCODIS.NS', 'ANSALBU.NS', 'ANAWIL.NS', 'AGARWALTUF.NS', 'AKANKSHA.NS', 'AMCL.NS']: possibly delisted; no timezone found
['AMARJOTHI.NS']: possibly delisted; no price data found  (1d 2020-01-21 -> 2026-08-17)
  200/3468     32s  eta  529s
$ARHAM.NS: possibly delisted; no timezone found
$ASIANTNE.NS: possibly delisted; no timezone found
$ANYA.NS: possibly delisted; no timezone found
$ATCENERGY.NS: possibly delisted; no timezone found
$APRAMEYA.NS: possibly delisted; no timezone found
$APOORVA.NS: possibly delisted; no timezone found
$ARMOUR.NS: possibly delisted; no timezone found
$ASHALOG.NS: possibly delisted; no timezone found
$ASHWINI.NS: possibly delisted; no timezone found
$ARCIIL.NS: possibly delisted; no timezone found
2026-08-16T09:58:11+00:00  another build holds the lock; exiting
$APSISAERO.NS: possibly delisted; no timezone found
$ARYAMAN.NS: possibly delisted; no timezone found
$ARUNAYA.NS: possibly delisted; no timezone found
$ASSAMENT.NS: possibly delisted; no timezone found
$APEXECO.NS: possibly delisted; no timezone found
$ARVINDPORT.NS: possibly delisted; no timezone found
$ARCL.NS: possibly delisted; no timezone found

17 Failed downloads:
['ARHAM.NS', 'ASIANTNE.NS', 'ANYA.NS', 'ATCENERGY.NS', 'APRAMEYA.NS', 'APOORVA.NS', 'ARMOUR.NS', 'ASHALOG.NS', 'ASHWINI.NS', 'ARCIIL.NS', 'APSISAERO.NS', 'ARYAMAN.NS', 'ARUNAYA.NS', 'ASSAMENT.NS', 'APEXECO.NS', 'ARVINDPORT.NS', 'ARCL.NS']: possibly delisted; no timezone found
  300/3468     49s  eta  519s
$AVATAR.NS: possibly delisted; no timezone found
$BARFLEX.NS: possibly delisted; no timezone found
$AUSTENG.NS: possibly delisted; no timezone found
$AUSL.NS: possibly delisted; no timezone found
$AVIANSH.NS: possibly delisted; no timezone found
$AVANA.NS: possibly delisted; no timezone found
$BALCO.NS: possibly delisted; no timezone found
$BAGDIGITAL.NS: possibly delisted; no timezone found
$AXTEL.NS: possibly delisted; no timezone found
$AZADIND.NS: possibly delisted; no timezone found
$AVANCE.NS: possibly delisted; no timezone found
$BALAJIPHOS.NS: possibly delisted; no timezone found
$AVIENCE.NS: possibly delisted; no timezone found

13 Failed downloads:
['AVATAR.NS', 'BARFLEX.NS', 'AUSTENG.NS', 'AUSL.NS', 'AVIANSH.NS', 'AVANA.NS', 'BALCO.NS', 'BAGDIGITAL.NS', 'AXTEL.NS', 'AZADIND.NS', 'AVANCE.NS', 'BALAJIPHOS.NS', 'AVIENCE.NS']: possibly delisted; no timezone found
  400/3468     66s  eta  503s
$BMLL.NS: possibly delisted; no timezone found
$BLUECLOUDS.NS: possibly delisted; no timezone found
$BLUEWATER.NS: possibly delisted; no timezone found
$BHADORA.NS: possibly delisted; no timezone found
$BIOPOL.NS: possibly delisted; no timezone found
$BENARAS.NS: possibly delisted; no timezone found
$BIKEWO.NS: possibly delisted; no timezone found

7 Failed downloads:
['BMLL.NS', 'BLUECLOUDS.NS', 'BLUEWATER.NS', 'BHADORA.NS', 'BIOPOL.NS', 'BENARAS.NS', 'BIKEWO.NS']: possibly delisted; no timezone found
  500/3468     81s  eta  480s
$BRAHMINFRA.NS: possibly delisted; no timezone found
$BULKCORP.NS: possibly delisted; no timezone found
$CHETANA.NS: possibly delisted; no timezone found
$CGVAK.NS: possibly delisted; no timezone found
$CHAMUNDA.NS: possibly delisted; no timezone found
$BOSS.NS: possibly delisted; no timezone found
$BRACEPORT.NS: possibly delisted; no timezone found
$CHEMCRUX.NS: possibly delisted; no timezone found
$CHANDAN.NS: possibly delisted; no timezone found
$CFEL.NS: possibly delisted; no timezone found
$BRANDMAN.NS: possibly delisted; no timezone found
$BPLPHARMA.NS: possibly delisted; no timezone found
$BRIGHTBR.NS: possibly delisted; no timezone found
$C2C.NS: possibly delisted; no timezone found
$CEDAAR.NS: possibly delisted; no timezone found

15 Failed downloads:
['BRAHMINFRA.NS', 'BULKCORP.NS', 'CHETANA.NS', 'CGVAK.NS', 'CHAMUNDA.NS', 'BOSS.NS', 'BRACEPORT.NS', 'CHEMCRUX.NS', 'CHANDAN.NS', 'CFEL.NS', 'BRANDMAN.NS', 'BPLPHARMA.NS', 'BRIGHTBR.NS', 'C2C.NS', 'CEDAAR.NS']: possibly delisted; no timezone found
  600/3468     99s  eta  471s
$CRSL.NS: possibly delisted; no price data found  (1d 2020-01-21 -> 2026-08-17)
$CURRENT.NS: possibly delisted; no timezone found
$CONNPLEX.NS: possibly delisted; no timezone found
$CKKRETAIL.NS: possibly delisted; no timezone found
$CRAVATEX.NS: possibly delisted; no timezone found
$CURIS.NS: possibly delisted; no timezone found
$COMPEAU.NS: possibly delisted; no timezone found
$CSSL.NS: possibly delisted; no timezone found
$CLASSICEIL.NS: possibly delisted; no timezone found
$CUDML.NS: possibly delisted; no timezone found
$CLAYCRAFT.NS: possibly delisted; no timezone found

11 Failed downloads:
['CRSL.NS']: possibly delisted; no price data found  (1d 2020-01-21 -> 2026-08-17)
['CURRENT.NS', 'CONNPLEX.NS', 'CKKRETAIL.NS', 'CRAVATEX.NS', 'CURIS.NS', 'COMPEAU.NS', 'CSSL.NS', 'CLASSICEIL.NS', 'CUDML.NS', 'CLAYCRAFT.NS']: possibly delisted; no timezone found
  700/3468    114s  eta  451s
$DECCANTRAN.NS: possibly delisted; no timezone found
$DHARARAIL.NS: possibly delisted; no timezone found
$DHARIWAL.NS: possibly delisted; no timezone found
$DIRL.NS: possibly delisted; no timezone found
$DHOOTTRANS.NS: possibly delisted; no timezone found
$DEEP.NS: possibly delisted; no price data found  (1d 2020-01-21 -> 2026-08-17)
$DHATRE.NS: possibly delisted; no timezone found
$DELTIC.NS: possibly delisted; no timezone found
$DANISH.NS: possibly delisted; no timezone found
$DHABRIYA.NS: possibly delisted; no timezone found
$DIVINEHIRA.NS: possibly delisted; no timezone found
$DIVYADHAN.NS: possibly delisted; no timezone found
$DCCL.NS: possibly delisted; no timezone found
$DHANSA.NS: possibly delisted; no timezone found

14 Failed downloads:
['DECCANTRAN.NS', 'DHARARAIL.NS', 'DHARIWAL.NS', 'DIRL.NS', 'DHOOTTRANS.NS', 'DHATRE.NS', 'DELTIC.NS', 'DANISH.NS', 'DHABRIYA.NS', 'DIVINEHIRA.NS', 'DIVYADHAN.NS', 'DCCL.NS', 'DHANSA.NS']: possibly delisted; no timezone found
['DEEP.NS']: possibly delisted; no price data found  (1d 2020-01-21 -> 2026-08-17)
  800/3468    130s  eta  433s
$EKI.NS: possibly delisted; no timezone found
$EEPL.NS: possibly delisted; no timezone found
$DUMMYTRVN.NS: possibly delisted; no timezone found
$EMPIND.NS: possibly delisted; no timezone found
$E2ERAIL.NS: possibly delisted; no timezone found
$ECOLINE.NS: possibly delisted; no timezone found
$EASTWEST.NS: possibly delisted; no timezone found
$EMAPARTNER.NS: possibly delisted; no timezone found
$DUMMYINXGN.NS: possibly delisted; no timezone found
$EBIX.NS: possibly delisted; no timezone found
$DRSCARGO.NS: possibly delisted; no timezone found
$ECORECO.NS: possibly delisted; no timezone found
$ELGNZ.NS: possibly delisted; no timezone found

13 Failed downloads:
['EKI.NS', 'EEPL.NS', 'DUMMYTRVN.NS', 'EMPIND.NS', 'E2ERAIL.NS', 'ECOLINE.NS', 'EASTWEST.NS', 'EMAPARTNER.NS', 'DUMMYINXGN.NS', 'EBIX.NS', 'DRSCARGO.NS', 'ECORECO.NS', 'ELGNZ.NS']: possibly delisted; no timezone found
  900/3468    145s  eta  413s
$ETL.NS: possibly delisted; no timezone found
$FOCE.NS: possibly delisted; no timezone found
$ENCOMPAS.NS: possibly delisted; no timezone found
$ENVIRO.NS: possibly delisted; no timezone found
$FLYSBS.NS: possibly delisted; no timezone found
$EXIMROUTES.NS: possibly delisted; no timezone found
$ETML.NS: possibly delisted; no timezone found
$EPWINDIA.NS: possibly delisted; no timezone found
$FINBUD.NS: possibly delisted; no timezone found
$ENKEIWHEL.NS: possibly delisted; no timezone found
$ESPRIT.NS: possibly delisted; no timezone found
$EXCELLENT.NS: possibly delisted; no timezone found

12 Failed downloads:
['ETL.NS', 'FOCE.NS', 'ENCOMPAS.NS', 'ENVIRO.NS', 'FLYSBS.NS', 'EXIMROUTES.NS', 'ETML.NS', 'EPWINDIA.NS', 'FINBUD.NS', 'ENKEIWHEL.NS', 'ESPRIT.NS', 'EXCELLENT.NS']: possibly delisted; no timezone found
  1000/3468    163s  eta  402s
$GJL.NS: possibly delisted; no timezone found
$GCHOTELS.NS: possibly delisted; no timezone found
$FREDUN.NS: possibly delisted; no timezone found
$GENXAI.NS: possibly delisted; no timezone found
$GANESHIN.NS: possibly delisted; no timezone found
$FORCAS.NS: possibly delisted; no timezone found
$GML.NS: possibly delisted; no timezone found
$GANGABATH.NS: possibly delisted; no timezone found
$FWSTC.NS: possibly delisted; no timezone found
$GKB.NS: possibly delisted; no price data found  (1d 2020-01-21 -> 2026-08-17)
$FRESHARA.NS: possibly delisted; no timezone found
$FORGEAUTO.NS: possibly delisted; no timezone found
$GAJANAND.NS: possibly delisted; no timezone found

13 Failed downloads:
['GJL.NS', 'GCHOTELS.NS', 'FREDUN.NS', 'GENXAI.NS', 'GANESHIN.NS', 'FORCAS.NS', 'GML.NS', 'GANGABATH.NS', 'FWSTC.NS', 'FRESHARA.NS', 'FORGEAUTO.NS', 'GAJANAND.NS']: possibly delisted; no timezone found
['GKB.NS']: possibly delisted; no price data found  (1d 2020-01-21 -> 2026-08-17)
  1100/3468    181s  eta  390s
$GREENLEAF.NS: possibly delisted; no timezone found

1 Failed download:
['GREENLEAF.NS']: possibly delisted; no timezone found
  1200/3468    196s  eta  370s
$HAMPTON.NS: possibly delisted; no timezone found
$HBPOR.NS: possibly delisted; no timezone found
$GURUNANAK.NS: possibly delisted; no timezone found
$HINDALUMI.NS: possibly delisted; no timezone found
$HAZOOR.NS: possibly delisted; no timezone found
$HAPPY.NS: possibly delisted; no timezone found
$HINDADH.NS: possibly delisted; no timezone found

7 Failed downloads:
['HAMPTON.NS', 'HBPOR.NS', 'GURUNANAK.NS', 'HINDALUMI.NS', 'HAZOOR.NS', 'HAPPY.NS', 'HINDADH.NS']: possibly delisted; no timezone found
  1300/3468    213s  eta  355s
$IDENTICAL.NS: possibly delisted; no timezone found
$INDOKEM.NS: possibly delisted; no timezone found
$HRYNSHP.NS: possibly delisted; no timezone found
$HPTL.NS: possibly delisted; no timezone found
$IDEALTECHO.NS: possibly delisted; no timezone found
$ICELCO.NS: possibly delisted; no timezone found
$HVAX.NS: possibly delisted; no timezone found

7 Failed downloads:
['IDENTICAL.NS', 'INDOKEM.NS', 'HRYNSHP.NS', 'HPTL.NS', 'IDEALTECHO.NS', 'ICELCO.NS', 'HVAX.NS']: possibly delisted; no timezone found
  1400/3468    231s  eta  341s
$INTEGRITY.NS: possibly delisted; no timezone found
$ISTLTD.NS: possibly delisted; no timezone found
$INFLUX.NS: possibly delisted; no timezone found
$IPHL.NS: possibly delisted; no timezone found
$IPRINGLTD.NS: possibly delisted; no price data found  (1d 2020-01-21 -> 2026-08-17)
$INNOMET.NS: possibly delisted; no timezone found
$IWARE.NS: possibly delisted; no timezone found
$ITTL.NS: possibly delisted; no timezone found
$JAINIK.NS: possibly delisted; no timezone found
$ITL.NS: possibly delisted; no timezone found
$INVICTA.NS: possibly delisted; no timezone found

11 Failed downloads:
['INTEGRITY.NS', 'ISTLTD.NS', 'INFLUX.NS', 'IPHL.NS', 'INNOMET.NS', 'IWARE.NS', 'ITTL.NS', 'JAINIK.NS', 'ITL.NS', 'INVICTA.NS']: possibly delisted; no timezone found
['IPRINGLTD.NS']: possibly delisted; no price data found  (1d 2020-01-21 -> 2026-08-17)
  1500/3468    247s  eta  324s
$KAMANWALA.NS: possibly delisted; no timezone found
$JAYESH.NS: possibly delisted; no timezone found
$JYOTIGLOBL.NS: possibly delisted; no timezone found
$JEYYAM.NS: possibly delisted; no timezone found
$KALANA.NS: possibly delisted; no timezone found
$KATARIA.NS: possibly delisted; no timezone found
$JENBURPH.NS: possibly delisted; no timezone found
$JAYBEE.NS: possibly delisted; no timezone found
$KANCOTEA.NS: possibly delisted; no timezone found
$KAYTEX.NS: possibly delisted; no timezone found
$JYOTIRES.NS: possibly delisted; no timezone found

11 Failed downloads:
['KAMANWALA.NS', 'JAYESH.NS', 'JYOTIGLOBL.NS', 'JEYYAM.NS', 'KALANA.NS', 'KATARIA.NS', 'JENBURPH.NS', 'JAYBEE.NS', 'KANCOTEA.NS', 'KAYTEX.NS', 'JYOTIRES.NS']: possibly delisted; no timezone found
  1600/3468    265s  eta  309s
$LADDERUP.NS: possibly delisted; no timezone found
$KEN.NS: possibly delisted; no timezone found
$KJMCFIN.NS: possibly delisted; no timezone found
$KRMAYURVED.NS: possibly delisted; no timezone found
$KMCSHIL.NS: possibly delisted; no timezone found
$KSE.NS: possibly delisted; no price data found  (1d 2020-01-21 -> 2026-08-17)
$KKJEWELS.NS: possibly delisted; no timezone found

7 Failed downloads:
['LADDERUP.NS', 'KEN.NS', 'KJMCFIN.NS', 'KRMAYURVED.NS', 'KMCSHIL.NS', 'KKJEWELS.NS']: possibly delisted; no timezone found
['KSE.NS']: possibly delisted; no price data found  (1d 2020-01-21 -> 2026-08-17)
  1700/3468    282s  eta  293s
$MACOBSTECH.NS: possibly delisted; no timezone found
$LANCER.NS: possibly delisted; no timezone found
$LOTUSCHO.NS: possibly delisted; no timezone found
$LAMOSAIC.NS: possibly delisted; no timezone found
$LAKSHMIMIL.NS: possibly delisted; no timezone found
$LAKSHYA.NS: possibly delisted; no timezone found
$LKPSEC.NS: possibly delisted; no timezone found
$LEENEE.NS: possibly delisted; no timezone found

8 Failed downloads:
['MACOBSTECH.NS', 'LANCER.NS', 'LOTUSCHO.NS', 'LAMOSAIC.NS', 'LAKSHMIMIL.NS', 'LAKSHYA.NS', 'LKPSEC.NS', 'LEENEE.NS']: possibly delisted; no timezone found
  1800/3468    298s  eta  276s
$MAYASHEEL.NS: possibly delisted; no timezone found
$MAXVOLT.NS: possibly delisted; no timezone found
$MEDISTEP.NS: possibly delisted; no timezone found
$MAKERSL.NS: possibly delisted; no timezone found
$MANILAM.NS: possibly delisted; no timezone found
$MEDICAPQ.NS: possibly delisted; no timezone found
$MARUSHIKA.NS: possibly delisted; no timezone found
$MANBRO.NS: possibly delisted; no timezone found

8 Failed downloads:
['MAYASHEEL.NS', 'MAXVOLT.NS', 'MEDISTEP.NS', 'MAKERSL.NS', 'MANILAM.NS', 'MEDICAPQ.NS', 'MARUSHIKA.NS', 'MANBRO.NS']: possibly delisted; no timezone found
  1900/3468    314s  eta  259s
$MMEL.NS: possibly delisted; no timezone found
$MOBILISE.NS: possibly delisted; no timezone found
$MIEL.NS: possibly delisted; no timezone found
$MOHITE.NS: possibly delisted; no timezone found
$MOLBIO.NS: possibly delisted; no timezone found
$METALIC.NS: possibly delisted; no timezone found
$MKEXIM.NS: possibly delisted; no timezone found
$MLKFOOD.NS: possibly delisted; no timezone found
$MINALIND.NS: possibly delisted; no timezone found
$MGSL.NS: possibly delisted; no timezone found
$MIIL.NS: possibly delisted; no timezone found

11 Failed downloads:
['MMEL.NS', 'MOBILISE.NS', 'MIEL.NS', 'MOHITE.NS', 'MOLBIO.NS', 'METALIC.NS', 'MKEXIM.NS', 'MLKFOOD.NS', 'MINALIND.NS', 'MGSL.NS', 'MIIL.NS']: possibly delisted; no timezone found
  2000/3468    328s  eta  241s
$MSL.NS: possibly delisted; no price data found  (1d 2020-01-21 -> 2026-08-17)
$MPEL.NS: possibly delisted; no timezone found
$MPDL.NS: possibly delisted; no timezone found
$MYMUDRA.NS: possibly delisted; no timezone found
$NAMOEWASTE.NS: possibly delisted; no timezone found
$MYSORPETRO.NS: possibly delisted; no timezone found
$MRIL.NS: possibly delisted; no timezone found
$MUKESHB.NS: possibly delisted; no timezone found
$MONOLITH.NS: possibly delisted; no timezone found
$MUNISH.NS: possibly delisted; no timezone found

10 Failed downloads:
['MSL.NS']: possibly delisted; no price data found  (1d 2020-01-21 -> 2026-08-17)
['MPEL.NS', 'MPDL.NS', 'MYMUDRA.NS', 'NAMOEWASTE.NS', 'MYSORPETRO.NS', 'MRIL.NS', 'MUKESHB.NS', 'MONOLITH.NS', 'MUNISH.NS']: possibly delisted; no timezone found
  2100/3468    344s  eta  224s
$NRVANDANA.NS: possibly delisted; no timezone found
$NMSTEEL.NS: possibly delisted; no timezone found
$NEELAM.NS: possibly delisted; no timezone found
$NICCOPAR.NS: possibly delisted; no timezone found
$NTCIND.NS: possibly delisted; no timezone found
$NEPTUNE.NS: possibly delisted; no timezone found
$NFPSAMPOOR.NS: possibly delisted; no timezone found
$NEOCHEM.NS: possibly delisted; no timezone found
$OBSCP.NS: possibly delisted; no timezone found
$NIKITA.NS: possibly delisted; no timezone found

10 Failed downloads:
['NRVANDANA.NS', 'NMSTEEL.NS', 'NEELAM.NS', 'NICCOPAR.NS', 'NTCIND.NS', 'NEPTUNE.NS', 'NFPSAMPOOR.NS', 'NEOCHEM.NS', 'OBSCP.NS', 'NIKITA.NS']: possibly delisted; no timezone found
  2200/3468    360s  eta  208s
$ONYX.NS: possibly delisted; no timezone found
$ONIXSOLAR.NS: possibly delisted; no timezone found
$PARAMATRIX.NS: possibly delisted; no timezone found
$PANORAMA.NS: possibly delisted; no timezone found
$ORIRAIL.NS: possibly delisted; no timezone found
$PARTH.NS: possibly delisted; no timezone found
$OPTIVALUE.NS: possibly delisted; no timezone found
$PANCHMAHQ.NS: possibly delisted; no timezone found
$OPTIFIN.NS: possibly delisted; no timezone found
$PARAMPARA.NS: possibly delisted; no timezone found
$PBMPOLY.NS: possibly delisted; no timezone found
$OPTIMYSTIX.NS: possibly delisted; no timezone found
$OSELDEVICE.NS: possibly delisted; no timezone found
$PARNAXLAB.NS: possibly delisted; no timezone found
$PARAMOUNT.NS: possibly delisted; no timezone found
$PACIFICI.NS: possibly delisted; no timezone found
$ODYCORP.NS: possibly delisted; no timezone found
$PATILAUTOM.NS: possibly delisted; no timezone found
$ONEGLOBAL.NS: possibly delisted; no timezone found

19 Failed downloads:
['ONYX.NS', 'ONIXSOLAR.NS', 'PARAMATRIX.NS', 'PANORAMA.NS', 'ORIRAIL.NS', 'PARTH.NS', 'OPTIVALUE.NS', 'PANCHMAHQ.NS', 'OPTIFIN.NS', 'PARAMPARA.NS', 'PBMPOLY.NS', 'OPTIMYSTIX.NS', 'OSELDEVICE.NS', 'PARNAXLAB.NS', 'PARAMOUNT.NS', 'PACIFICI.NS', 'ODYCORP.NS', 'PATILAUTOM.NS', 'ONEGLOBAL.NS']: possibly delisted; no timezone found
  2300/3468    378s  eta  192s
$PRIMECAB.NS: possibly delisted; no timezone found
$PRANIK.NS: possibly delisted; no timezone found
$PELATRO.NS: possibly delisted; no timezone found
$POSITRON.NS: possibly delisted; no timezone found
$PPSL.NS: possibly delisted; no timezone found
$PHOGLOBAL.NS: possibly delisted; no timezone found
$POLYSPIN.NS: possibly delisted; no timezone found
$POEL.NS: possibly delisted; no timezone found
$PERMAGN.NS: possibly delisted; no timezone found
$PHOENXINTL.NS: possibly delisted; no timezone found
$PREMIUM.NS: possibly delisted; no timezone found

11 Failed downloads:
['PRIMECAB.NS', 'PRANIK.NS', 'PELATRO.NS', 'POSITRON.NS', 'PPSL.NS', 'PHOGLOBAL.NS', 'POLYSPIN.NS', 'POEL.NS', 'PERMAGN.NS', 'PHOENXINTL.NS', 'PREMIUM.NS']: possibly delisted; no timezone found
  2400/3468    395s  eta  176s
$QVCEL.NS: possibly delisted; no timezone found
$RAPIDFLEET.NS: possibly delisted; no timezone found
$PRISMX.NS: possibly delisted; no timezone found
$PSRAJ.NS: possibly delisted; no timezone found
$PROPSHOP.NS: possibly delisted; no timezone found
$RAJPUTANA.NS: possibly delisted; no timezone found
$PROFX.NS: possibly delisted; no timezone found
$PSFL.NS: possibly delisted; no timezone found
$QLINE.NS: possibly delisted; no timezone found
$RAPPID.NS: possibly delisted; no timezone found
$PUSHPA.NS: possibly delisted; no timezone found
$PURPLEUTED.NS: possibly delisted; no timezone found
$RAJINDLTD.NS: possibly delisted; no timezone found

13 Failed downloads:
['QVCEL.NS', 'RAPIDFLEET.NS', 'PRISMX.NS', 'PSRAJ.NS', 'PROPSHOP.NS', 'RAJPUTANA.NS', 'PROFX.NS', 'PSFL.NS', 'QLINE.NS', 'RAPPID.NS', 'PUSHPA.NS', 'PURPLEUTED.NS', 'RAJINDLTD.NS']: possibly delisted; no timezone found
  2500/3468    412s  eta  159s
$READYMIX.NS: possibly delisted; no timezone found
$RTSPOWR.NS: possibly delisted; no timezone found
$RFBL.NS: possibly delisted; no timezone found
$RTL.NS: possibly delisted; no timezone found
$RNFI.NS: possibly delisted; no timezone found
$RRECL.NS: possibly delisted; no timezone found
$RNPL.NS: possibly delisted; no timezone found
$RICHA.NS: possibly delisted; no timezone found
$REXPRO.NS: possibly delisted; no timezone found
$ROYALARC.NS: possibly delisted; no timezone found

10 Failed downloads:
['READYMIX.NS', 'RTSPOWR.NS', 'RFBL.NS', 'RTL.NS', 'RNFI.NS', 'RRECL.NS', 'RNPL.NS', 'RICHA.NS', 'REXPRO.NS', 'ROYALARC.NS']: possibly delisted; no timezone found
  2600/3468    428s  eta  143s
$SAWALIYA.NS: possibly delisted; no timezone found
$SAJHOTELS.NS: possibly delisted; no timezone found
$SAYAJIIND.NS: possibly delisted; no timezone found
$SAVY.NS: possibly delisted; no timezone found
$SATKARTAR.NS: possibly delisted; no timezone found
$SAICAPI.NS: possibly delisted; no timezone found
$SAFEENTP.NS: possibly delisted; no timezone found
$SACHEEROME.NS: possibly delisted; no timezone found
$SAB.NS: possibly delisted; no timezone found
$SATECH.NS: possibly delisted; no timezone found
$SAMAY.NS: possibly delisted; no timezone found
$SAHASRA.NS: possibly delisted; no timezone found
$SAMBANDAM.NS: possibly delisted; no price data found  (1d 2020-01-21 -> 2026-08-17)
$SATTVAENGG.NS: possibly delisted; no timezone found

14 Failed downloads:
['SAWALIYA.NS', 'SAJHOTELS.NS', 'SAYAJIIND.NS', 'SAVY.NS', 'SATKARTAR.NS', 'SAICAPI.NS', 'SAFEENTP.NS', 'SACHEEROME.NS', 'SAB.NS', 'SATECH.NS', 'SAMAY.NS', 'SAHASRA.NS', 'SATTVAENGG.NS']: possibly delisted; no timezone found
['SAMBANDAM.NS']: possibly delisted; no price data found  (1d 2020-01-21 -> 2026-08-17)
  2700/3468    444s  eta  126s
$SHEEL.NS: possibly delisted; no timezone found
$SHIVAAGRO.NS: possibly delisted; no timezone found
$SHETHJI.NS: possibly delisted; no timezone found
$SEKURITIND.NS: possibly delisted; no timezone found
$SHILGRAVQ.NS: possibly delisted; no timezone found
$SHIVACEM.NS: possibly delisted; no timezone found
$SGLRES.NS: possibly delisted; no timezone found
$SHRADDHA.NS: possibly delisted; no timezone found
$SFML.NS: possibly delisted; no timezone found
$SHERVANI.NS: possibly delisted; no timezone found
$SHIVASHRIT.NS: possibly delisted; no timezone found
$SDREAMS.NS: possibly delisted; no timezone found
$SGRL.NS: possibly delisted; no timezone found
$SELLOWRAP.NS: possibly delisted; no timezone found
$SHKSIL.NS: possibly delisted; no timezone found
$SHREEDHAR.NS: possibly delisted; no timezone found

16 Failed downloads:
['SHEEL.NS', 'SHIVAAGRO.NS', 'SHETHJI.NS', 'SEKURITIND.NS', 'SHILGRAVQ.NS', 'SHIVACEM.NS', 'SGLRES.NS', 'SHRADDHA.NS', 'SFML.NS', 'SHERVANI.NS', 'SHIVASHRIT.NS', 'SDREAMS.NS', 'SGRL.NS', 'SELLOWRAP.NS', 'SHKSIL.NS', 'SHREEDHAR.NS']: possibly delisted; no timezone found
  2800/3468    462s  eta  110s
$SOCL.NS: possibly delisted; no timezone found
$SIDDHICOTS.NS: possibly delisted; no timezone found
$SNEHAA.NS: possibly delisted; no timezone found
$SIMPLXREA.NS: possibly delisted; no timezone found
$SHRIAHIMSA.NS: possibly delisted; no timezone found
$SIMCA.NS: possibly delisted; no timezone found
$SHYAMDHANI.NS: possibly delisted; no timezone found
$SHRJAGP.NS: possibly delisted; no timezone found
$SILKY.NS: possibly delisted; no timezone found
$SMARTEN.NS: possibly delisted; no timezone found
$SIEL.NS: possibly delisted; no price data found  (1d 2020-01-21 -> 2026-08-17)
$SHRIKANHA.NS: possibly delisted; no timezone found
$SHUBHSHREE.NS: possibly delisted; no timezone found

13 Failed downloads:
['SOCL.NS', 'SIDDHICOTS.NS', 'SNEHAA.NS', 'SIMPLXREA.NS', 'SHRIAHIMSA.NS', 'SIMCA.NS', 'SHYAMDHANI.NS', 'SHRJAGP.NS', 'SILKY.NS', 'SMARTEN.NS', 'SHRIKANHA.NS', 'SHUBHSHREE.NS']: possibly delisted; no timezone found
['SIEL.NS']: possibly delisted; no price data found  (1d 2020-01-21 -> 2026-08-17)
  2900/3468    478s  eta   94s
$SUNTECH.NS: possibly delisted; no timezone found
$SUMEDHA.NS: possibly delisted; no timezone found
$SSEGL.NS: possibly delisted; no timezone found
$SRIKPRIND.NS: possibly delisted; no timezone found
$SPUNWEB.NS: possibly delisted; no timezone found
$SPEB.NS: possibly delisted; no timezone found
$SPELS.NS: possibly delisted; no timezone found
$SUNRAKSHAK.NS: possibly delisted; no timezone found
$SUBAHOTELS.NS: possibly delisted; no timezone found
$STRIDERS.NS: possibly delisted; no timezone found
$STUDIOLSD.NS: possibly delisted; no timezone found
$STLSTRINF.NS: possibly delisted; no timezone found
$SUNSHIEL.NS: possibly delisted; no timezone found
$SUNLOC.NS: possibly delisted; no timezone found
$SUNLITE.NS: possibly delisted; no timezone found
$SPCON.NS: possibly delisted; no timezone found
$SPPPOLY.NS: possibly delisted; no timezone found

17 Failed downloads:
['SUNTECH.NS', 'SUMEDHA.NS', 'SSEGL.NS', 'SRIKPRIND.NS', 'SPUNWEB.NS', 'SPEB.NS', 'SPELS.NS', 'SUNRAKSHAK.NS', 'SUBAHOTELS.NS', 'STRIDERS.NS', 'STUDIOLSD.NS', 'STLSTRINF.NS', 'SUNSHIEL.NS', 'SUNLOC.NS', 'SUNLITE.NS', 'SPCON.NS', 'SPPPOLY.NS']: possibly delisted; no timezone found
  3000/3468    495s  eta   77s
$TECHD.NS: possibly delisted; no timezone found
$TECHERA.NS: possibly delisted; no timezone found
$TEAMTECH.NS: possibly delisted; no timezone found
$SVGLOBAL.NS: possibly delisted; no timezone found
$TANAA.NS: possibly delisted; no timezone found
$SWARNSAR.NS: possibly delisted; no timezone found
$TANKUP.NS: possibly delisted; no timezone found
$SUPTANERY.NS: possibly delisted; no timezone found
$SWISSMLTRY.NS: possibly delisted; no timezone found
$TAURIAN.NS: possibly delisted; no timezone found

10 Failed downloads:
['TECHD.NS', 'TECHERA.NS', 'TEAMTECH.NS', 'SVGLOBAL.NS', 'TANAA.NS', 'SWARNSAR.NS', 'TANKUP.NS', 'SUPTANERY.NS', 'SWISSMLTRY.NS', 'TAURIAN.NS']: possibly delisted; no timezone found
  3100/3468    512s  eta   61s
$TSC.NS: possibly delisted; no timezone found
$TGVSL.NS: possibly delisted; no timezone found
$TRITONV.NS: possibly delisted; no timezone found
$TUTIALKA.NS: possibly delisted; no timezone found
$TERAI.NS: possibly delisted; no timezone found
$TEJA.NS: possibly delisted; no timezone found
$TOYAMSL.NS: possibly delisted; no timezone found
$THESL.NS: possibly delisted; no timezone found
$TROM.NS: possibly delisted; no timezone found
$TRANSCOR.NS: possibly delisted; no timezone found
$TEJASCARGO.NS: possibly delisted; no timezone found

11 Failed downloads:
['TSC.NS', 'TGVSL.NS', 'TRITONV.NS', 'TUTIALKA.NS', 'TERAI.NS', 'TEJA.NS', 'TOYAMSL.NS', 'THESL.NS', 'TROM.NS', 'TRANSCOR.NS', 'TEJASCARGO.NS']: possibly delisted; no timezone found
  3200/3468    529s  eta   44s
$VEDAVAAG.NS: possibly delisted; no timezone found
$UNILEX.NS: possibly delisted; no timezone found
$VADILENT.NS: possibly delisted; no timezone found
$UDAYJEW.NS: possibly delisted; no timezone found
$UHTL.NS: possibly delisted; no timezone found
$UPHOT.NS: possibly delisted; no timezone found
$USHAFIN.NS: possibly delisted; no timezone found
$VALUE360.NS: possibly delisted; no timezone found
$UTSSAV.NS: possibly delisted; no timezone found
$VDEAL.NS: possibly delisted; no timezone found
$UTKAL.NS: possibly delisted; no timezone found
$VASUPRADA.NS: possibly delisted; no timezone found

12 Failed downloads:
['VEDAVAAG.NS', 'UNILEX.NS', 'VADILENT.NS', 'UDAYJEW.NS', 'UHTL.NS', 'UPHOT.NS', 'USHAFIN.NS', 'VALUE360.NS', 'UTSSAV.NS', 'VDEAL.NS', 'UTKAL.NS', 'VASUPRADA.NS']: possibly delisted; no timezone found
  3300/3468    546s  eta   28s
$VOITHPAPR.NS: possibly delisted; no timezone found
$VIRTUALG.NS: possibly delisted; no timezone found
$VIJAYPD.NS: possibly delisted; no timezone found
$VIRAT.NS: possibly delisted; no timezone found
$VISDEM.NS: possibly delisted; no timezone found
$VIESL.NS: possibly delisted; no timezone found
$VLINFRA.NS: possibly delisted; no timezone found
$VIVIDEL.NS: possibly delisted; no timezone found
$VTMLTD.NS: possibly delisted; no timezone found
$VGINFOTECH.NS: possibly delisted; no timezone found
$VICTORYEV.NS: possibly delisted; no timezone found
$VIJSOLX.NS: possibly delisted; no timezone found
$VOLERCAR.NS: possibly delisted; no timezone found
$WATERBASE.NS: possibly delisted; no timezone found
$WARDINMOBI.NS: possibly delisted; no timezone found
$VMOBILE.NS: possibly delisted; no timezone found
$VIVOBIOT.NS: possibly delisted; no timezone found
$VGCL.NS: possibly delisted; no timezone found
$VIGOR.NS: possibly delisted; no timezone found

19 Failed downloads:
['VOITHPAPR.NS', 'VIRTUALG.NS', 'VIJAYPD.NS', 'VIRAT.NS', 'VISDEM.NS', 'VIESL.NS', 'VLINFRA.NS', 'VIVIDEL.NS', 'VTMLTD.NS', 'VGINFOTECH.NS', 'VICTORYEV.NS', 'VIJSOLX.NS', 'VOLERCAR.NS', 'WATERBASE.NS', 'WARDINMOBI.NS', 'VMOBILE.NS', 'VIVOBIOT.NS', 'VGCL.NS', 'VIGOR.NS']: possibly delisted; no timezone found
  3400/3468    563s  eta   11s
$WOL3D.NS: possibly delisted; no timezone found
$WHITEFORCE.NS: possibly delisted; no timezone found
$YAAP.NS: possibly delisted; no timezone found
$WHBRADY.NS: possibly delisted; no timezone found
$YOGI.NS: possibly delisted; no price data found  (1d 2020-01-21 -> 2026-08-17)

5 Failed downloads:
['WOL3D.NS', 'WHITEFORCE.NS', 'YAAP.NS', 'WHBRADY.NS']: possibly delisted; no timezone found
['YOGI.NS']: possibly delisted; no price data found  (1d 2020-01-21 -> 2026-08-17)
  3468/3468    575s  eta    0s

[36m==================================================================
== 3. result
==================================================================[0m
  [32mok  [0m 3,065 cached, 403 no data, 0 errors, 576s
       0.166s per symbol (the serialised path was ~0.45s)
       symbols without data written to /opt/breakoutscanner/data_cache/prefetch_no_data.txt
       e.g. AAKAAR, AARADHYA, ABHAPOWER, ACCPL, ACETEC, ACGL, ACTIVEINFR, ADDICTIVE

  [1mNow run the build. It should read cache and finish in a fraction of
  the time — that comparison is the point, so time it:[0m

      time sudo -u breakout /opt/breakoutscanner/.venv/bin/python \
        /opt/breakoutscanner/build_snapshot.py --symbols-file /opt/breakoutscanner/nse_all_equity.txt

  [33mIf it is still slow, the cache is being rejected rather than missing,
  and the min_rows threshold is the next thing to change — not this.[0m
--- building snapshot ---
Nifty Capital Markets: no constituent file found (24 URLs tried)
  [32mok[0m  302 symbols classified as ETFs/funds (data_cache/nse_funds.txt)
  [32mok[0m  209 F&O underlyings (data_cache/nse_fno.txt)

[36m== building snapshot: /opt/breakoutscanner/nse_all_equity.txt ==[0m
  /opt/breakoutscanner/nse_all_equity.txt: 3468 symbols
  skipping 403 symbol(s) prefetch found no data for (it retries them on its next run)
  breakout detector: detect_breakout(df, symbol, timeframe, cfg, mode, vol_mult, lookback, atr_period, atr_mult, direction_filter)
  25/3065      4s  eta  428s
  50/3065      7s  eta  395s
  75/3065     10s  eta  386s
  100/3065     13s  eta  383s
  125/3065     16s  eta  379s
  150/3065     19s  eta  372s
  175/3065     22s  eta  370s
  200/3065     25s  eta  361s
  225/3065     28s  eta  359s
  250/3065     32s  eta  359s
  275/3065     35s  eta  355s
  300/3065     38s  eta  351s
  325/3065     41s  eta  349s
  350/3065     45s  eta  346s
  375/3065     48s  eta  343s
  400/3065     51s  eta  341s
  425/3065     54s  eta  338s
  450/3065     57s  eta  333s
  475/3065     60s  eta  329s
  500/3065     64s  eta  326s
  525/3065     67s  eta  324s
  550/3065     70s  eta  322s
  575/3065     74s  eta  319s
  600/3065     77s  eta  317s
  625/3065     80s  eta  314s
  650/3065     83s  eta  310s
  675/3065     86s  eta  306s
  700/3065     89s  eta  302s
  725/3065     92s  eta  298s
  750/3065     95s  eta  295s
  775/3065     99s  eta  292s
  800/3065    102s  eta  289s
  825/3065    105s  eta  286s
  850/3065    109s  eta  284s
  875/3065    113s  eta  283s
  900/3065    116s  eta  280s
  925/3065    120s  eta  278s
  950/3065    123s  eta  275s
  975/3065    127s  eta  272s
  1000/3065    130s  eta  268s
  1025/3065    133s  eta  264s
  1050/3065    135s  eta  260s
  1075/3065    139s  eta  257s
  1100/3065    142s  eta  254s
  1125/3065    146s  eta  251s
  1150/3065    149s  eta  249s
  1175/3065    153s  eta  246s
  1200/3065    157s  eta  243s
  1225/3065    160s  eta  240s
  1250/3065    163s  eta  237s
  1275/3065    166s  eta  234s
  1300/3065    171s  eta  232s
  1325/3065    175s  eta  229s
  1350/3065    178s  eta  226s
  1375/3065    182s  eta  223s
  1400/3065    185s  eta  220s
  1425/3065    188s  eta  217s
  1450/3065    192s  eta  213s
  1475/3065    195s  eta  210s
  1500/3065    198s  eta  207s
  1525/3065    202s  eta  204s
  1550/3065    205s  eta  200s
  1575/3065    209s  eta  197s
  1600/3065    212s  eta  194s
  1625/3065    215s  eta  191s
  1650/3065    219s  eta  187s
  1675/3065    222s  eta  184s
  1700/3065    225s  eta  181s
  1725/3065    228s  eta  177s
  1750/3065    232s  eta  174s
  1775/3065    234s  eta  170s
  1800/3065    238s  eta  167s
  1825/3065    241s  eta  164s
  1850/3065    244s  eta  161s
  1875/3065    248s  eta  157s
  1900/3065    251s  eta  154s
  1925/3065    254s  eta  151s
  1950/3065    257s  eta  147s
  1975/3065    260s  eta  144s
  2000/3065    263s  eta  140s
  2025/3065    267s  eta  137s
  2050/3065    270s  eta  134s
  2075/3065    273s  eta  130s
  2100/3065    276s  eta  127s
  2125/3065    279s  eta  123s
  2150/3065    282s  eta  120s
  2175/3065    285s  eta  117s
  2200/3065    289s  eta  114s
  2225/3065    292s  eta  110s
  2250/3065    295s  eta  107s
  2275/3065    299s  eta  104s
  2300/3065    302s  eta  100s
  2325/3065    305s  eta   97s
  2350/3065    308s  eta   94s
  2375/3065    311s  eta   90s
  2400/3065    315s  eta   87s
  2425/3065    318s  eta   84s
  2450/3065    321s  eta   81s
  2475/3065    324s  eta   77s
  2500/3065    327s  eta   74s
  2525/3065    330s  eta   71s
  2550/3065    333s  eta   67s
  2575/3065    336s  eta   64s
  2600/3065    340s  eta   61s
  2625/3065    343s  eta   57s
  2650/3065    346s  eta   54s
  2675/3065    349s  eta   51s
  2700/3065    353s  eta   48s
  2725/3065    356s  eta   44s
  2750/3065    359s  eta   41s
  2775/3065    362s  eta   38s
  2800/3065    365s  eta   35s
  2825/3065    368s  eta   31s
  2850/3065    372s  eta   28s
  2875/3065    375s  eta   25s
  2900/3065    378s  eta   22s
  2925/3065    382s  eta   18s
  2950/3065    385s  eta   15s
  2975/3065    388s  eta   12s
  3000/3065    392s  eta    8s
  3025/3065    395s  eta    5s
  3050/3065    398s  eta    2s
  [33mnote[0m  2 symbol(s) did not trade on 2026-08-14 — flagged traded_today = false
  cap bands: Below Microcap 2315, Small 250, Micro 250, Mid 150, Large 100
  [32mok[0m  ranked 2,764 companies; 301 funds carry NULL RS
  [32mok[0m  3065 of 3065 obtainable symbols (100.0% coverage), 0 skipped, 474s
        257 known-unavailable excluded (no data for 3+ runs); raw coverage 100.0% of 3065
        data as of 2026-08-14, 2 symbol(s) behind it
  [33mstale[0m 2 symbol(s) (0%) use prices older than 2026-08-14, oldest 2023-12-29
        Normal for illiquid names: they did not trade, so no bar exists. All are flagged traded_today = false and excluded from 'today' screens by default.
          VISHAL         2023-12-29
          THACKER        2026-08-13
  [32mok[0m  breakouts: 411 total · 267 bullish · 144 bearish
        1D: 132
        1W: 239
        1M: 196
        Compare these against your live scan. They call the
        SAME detect_breakout(), so they should agree exactly.
  [32mok[0m  schema migrated: added in_fno
       (existing rows carry NULL there — rebuild those dates to fill them)
  [32mok[0m  wrote 3065 rows for 2026-08-16  (6 day(s) of history)
       /opt/breakoutscanner/data_cache/snapshot.duckdb

[36m  predefined scanners against this snapshot:[0m
    Horizontal Resistance             500
    Tight Setup (Daily)               217
    VCP                               500
    RS High Before Price High         104
    Flags & Pennants                  313
    Inside Bar (Daily)                500
    21 EMA Shakeout                    54
    Gap Up (Unfilled)                 500
    Volume Gainers                    500
    Recent IPO Setups                 211
    Minervini Trend Template          500
    ★ Daily Screen — breakout in a strong stock  125

  Open the Screener page in the app to query it interactively.
wrote 3065 rows for 2026-08-16  (100% of 3065 obtainable; 403 known-unavailable of 3468 listed)
=== OK ===
=== finished 2026-08-16T10:15:12+00:00 ===
=== nightly build started 2026-08-16T11:30:23+00:00 ===
--- refreshing universe ---

[36m==================================================================
== 1. fetching every NSE instrument
==================================================================[0m
  [32mok  [0m 114,870 instruments in the dump

  everything Kite tags segment=NSE instrument_type=EQ,
  broken down by SERIES (the suffix after the hyphen):

    SG                     4298   [33mdropped (debt/other)[0m
    EQ (no suffix)         2977   [32mKEPT[0m
    N0                      977   [33mdropped (debt/other)[0m
    SM                      439   [32mKEPT[0m
    BE                      230   [32mKEPT[0m
    GS                      130   [33mdropped (debt/other)[0m
    ST                      120   [32mKEPT[0m
    N1                      107   [33mdropped (debt/other)[0m
    TB                       84   [33mdropped (debt/other)[0m
    SF                       50   [33mdropped (debt/other)[0m
    GB                       45   [33mdropped (debt/other)[0m
    BZ                       38   [32mKEPT[0m
    N2                       37   [33mdropped (debt/other)[0m
    N3                       29   [33mdropped (debt/other)[0m

  [1m3,466 equities kept, 6,257 dropped[0m

  KSHINTL present: [1mTrue[0m
  sample: 20MICRONS, 21STCENMGM, 360ONE, 3BBLACKBIO, 3IINFOLTD, 3MINDIA, 3PLAND, 5PAISA, 63MOONS, A2ZINFRA ...

[36m==================================================================
== 2. how much is currently invisible
==================================================================[0m
  5 index list(s) consulted (excluding 'NSE All Equity' itself)
  scannable today      752
  [1mnewly scannable      2,716[0m

  a few that were invisible: 20MICRONS, 21STCENMGM, 3BBLACKBIO, 3IINFOLTD, 3PLAND, 5PAISA, 63MOONS, A2ZINFRA, AAATECH, AAKAAR, AAKASH, AARADHYA ...

  [33m2 symbol(s) are in your NIFTY indices but NOT in the equity dump:[0m
    DUMMYINXGN, DUMMYTRVN
  [32madded them — the universe is now a strict superset of the tradeable names you scan today[0m

[36m==================================================================
== 3. output
==================================================================[0m
  /opt/breakoutscanner/nse_all_equity.txt
  [32mok  [0m wrote 3,468 symbols (28,729 bytes)
  [32mok  [0m re-read cleanly; KSHINTL is in the list

[36m==================================================================
== next
==================================================================[0m
  Try a slice first — 2,000 symbols on a 512 MB box is a real risk:

    sudo -u breakout /opt/breakoutscanner/.venv/bin/python \
      /opt/breakoutscanner/build_snapshot.py \
      --symbols-file /opt/breakoutscanner/nse_all_equity.txt --limit 300

  If that completes, drop --limit for the full run. Watch it the first
  time. [33mAn OOM kill stops it mid-build, and a truncated snapshot is the
  silent-wrong failure we have spent this session removing.[0m

  Then confirm the stock that started this:

    sudo -u breakout /opt/breakoutscanner/.venv/bin/python \
      /opt/breakoutscanner/diagnose_symbol.py KSHINTL
universe: 3468 symbols
--- prefetching price cache ---
$ACCPL.NS: possibly delisted; no timezone found
$ABHAPOWER.NS: possibly delisted; no timezone found
$ADDIND.NS: possibly delisted; no timezone found
$AERON.NS: possibly delisted; no timezone found
$ACGL.NS: possibly delisted; no timezone found
$ACTIVEINFR.NS: possibly delisted; no timezone found
$ADISOFT.NS: possibly delisted; no timezone found
$ADDICTIVE.NS: possibly delisted; no timezone found
$AARADHYA.NS: possibly delisted; no timezone found
$ACETEC.NS: possibly delisted; no timezone found
$ADVIKCA.NS: possibly delisted; no timezone found
$AAKAAR.NS: possibly delisted; no timezone found
$AESTHETIK.NS: possibly delisted; no timezone found

13 Failed downloads:
['ACCPL.NS', 'ABHAPOWER.NS', 'ADDIND.NS', 'AERON.NS', 'ACGL.NS', 'ACTIVEINFR.NS', 'ADISOFT.NS', 'ADDICTIVE.NS', 'AARADHYA.NS', 'ACETEC.NS', 'ADVIKCA.NS', 'AAKAAR.NS', 'AESTHETIK.NS']: possibly delisted; no timezone found
  [33mwarn[0m --app points at the ORIGINAL app, not the lab.
  [33mwarn[0m That is allowed but not the default. Ctrl-C now if unintended.

[36m==================================================================
== 1. wiring  (/opt/breakoutscanner)
==================================================================[0m
  [32mok  [0m yfinance 1.5.2, pandas 2.3.3
  [32mok  [0m cache dir /opt/breakoutscanner/data_cache/prices_daily
  [32mok  [0m yahoo_ticker and _normalize_ohlcv available
  [32mok  [0m 3,468 symbols from nse_all_equity.txt

  window     2020-01-21 -> 2026-08-17  (2400 calendar days)
  batches    35 x 100
  [1mvs the current path: 3,468 serialised requests[0m

[36m==================================================================
== 2. fetching
==================================================================[0m
  100/3468     17s  eta  566s
$AGARWALTUF.NS: possibly delisted; no timezone found
$ANSALBU.NS: possibly delisted; no timezone found
$ALCODIS.NS: possibly delisted; no timezone found
$AKANKSHA.NS: possibly delisted; no timezone found
$ANONDITA.NS: possibly delisted; no timezone found
$AMAL.NS: possibly delisted; no timezone found
$AMBANIORGO.NS: possibly delisted; no timezone found
$AMBAAUTO.NS: possibly delisted; no timezone found
$AMCL.NS: possibly delisted; no timezone found
$AMARJOTHI.NS: possibly delisted; no price data found  (1d 2020-01-21 -> 2026-08-17)
$ANAWIL.NS: possibly delisted; no timezone found
$ALUFLUOR.NS: possibly delisted; no timezone found
$ANDREWYU.NS: possibly delisted; no timezone found
$ALFREDHE.NS: possibly delisted; no timezone found

14 Failed downloads:
['AGARWALTUF.NS', 'ANSALBU.NS', 'ALCODIS.NS', 'AKANKSHA.NS', 'ANONDITA.NS', 'AMAL.NS', 'AMBANIORGO.NS', 'AMBAAUTO.NS', 'AMCL.NS', 'ANAWIL.NS', 'ALUFLUOR.NS', 'ANDREWYU.NS', 'ALFREDHE.NS']: possibly delisted; no timezone found
['AMARJOTHI.NS']: possibly delisted; no price data found  (1d 2020-01-21 -> 2026-08-17)
  200/3468     34s  eta  554s
$ARCL.NS: possibly delisted; no timezone found
$ASHWINI.NS: possibly delisted; no timezone found
$ARMOUR.NS: possibly delisted; no timezone found
$ASHALOG.NS: possibly delisted; no timezone found
$ARYAMAN.NS: possibly delisted; no timezone found
$APSISAERO.NS: possibly delisted; no timezone found
$ASIANTNE.NS: possibly delisted; no timezone found
$ANYA.NS: possibly delisted; no timezone found
$ARVINDPORT.NS: possibly delisted; no timezone found
$ATCENERGY.NS: possibly delisted; no timezone found
$ARUNAYA.NS: possibly delisted; no timezone found
$ARCIIL.NS: possibly delisted; no timezone found
$ASSAMENT.NS: possibly delisted; no timezone found
$ARHAM.NS: possibly delisted; no timezone found
$APEXECO.NS: possibly delisted; no timezone found
$APRAMEYA.NS: possibly delisted; no timezone found
$APOORVA.NS: possibly delisted; no timezone found

17 Failed downloads:
['ARCL.NS', 'ASHWINI.NS', 'ARMOUR.NS', 'ASHALOG.NS', 'ARYAMAN.NS', 'APSISAERO.NS', 'ASIANTNE.NS', 'ANYA.NS', 'ARVINDPORT.NS', 'ATCENERGY.NS', 'ARUNAYA.NS', 'ARCIIL.NS', 'ASSAMENT.NS', 'ARHAM.NS', 'APEXECO.NS', 'APRAMEYA.NS', 'APOORVA.NS']: possibly delisted; no timezone found
  300/3468     52s  eta  551s
$AVANA.NS: possibly delisted; no timezone found
$BAGDIGITAL.NS: possibly delisted; no timezone found
$AXTEL.NS: possibly delisted; no timezone found
$BALAJIPHOS.NS: possibly delisted; no timezone found
$AUSTENG.NS: possibly delisted; no timezone found
$AUSL.NS: possibly delisted; no timezone found
$BALCO.NS: possibly delisted; no timezone found
$AVATAR.NS: possibly delisted; no timezone found
$AVIENCE.NS: possibly delisted; no timezone found
$AVANCE.NS: possibly delisted; no timezone found
$BARFLEX.NS: possibly delisted; no timezone found
$AZADIND.NS: possibly delisted; no timezone found
$AVIANSH.NS: possibly delisted; no timezone found

13 Failed downloads:
['AVANA.NS', 'BAGDIGITAL.NS', 'AXTEL.NS', 'BALAJIPHOS.NS', 'AUSTENG.NS', 'AUSL.NS', 'BALCO.NS', 'AVATAR.NS', 'AVIENCE.NS', 'AVANCE.NS', 'BARFLEX.NS', 'AZADIND.NS', 'AVIANSH.NS']: possibly delisted; no timezone found
  400/3468     69s  eta  530s
$BLUECLOUDS.NS: possibly delisted; no timezone found
$BHADORA.NS: possibly delisted; no timezone found
$BLUEWATER.NS: possibly delisted; no timezone found
$BIOPOL.NS: possibly delisted; no timezone found
$BIKEWO.NS: possibly delisted; no timezone found
$BENARAS.NS: possibly delisted; no timezone found
$BMLL.NS: possibly delisted; no timezone found

7 Failed downloads:
['BLUECLOUDS.NS', 'BHADORA.NS', 'BLUEWATER.NS', 'BIOPOL.NS', 'BIKEWO.NS', 'BENARAS.NS', 'BMLL.NS']: possibly delisted; no timezone found
  500/3468     85s  eta  507s
$BULKCORP.NS: possibly delisted; no timezone found
$BRAHMINFRA.NS: possibly delisted; no timezone found
$CHAMUNDA.NS: possibly delisted; no timezone found
$CFEL.NS: possibly delisted; no timezone found
$C2C.NS: possibly delisted; no timezone found
$BRACEPORT.NS: possibly delisted; no timezone found
$CHETANA.NS: possibly delisted; no timezone found
$CGVAK.NS: possibly delisted; no timezone found
$CHANDAN.NS: possibly delisted; no timezone found
$BRANDMAN.NS: possibly delisted; no timezone found
$BPLPHARMA.NS: possibly delisted; no timezone found
$CEDAAR.NS: possibly delisted; no timezone found
$CHEMCRUX.NS: possibly delisted; no timezone found
$BOSS.NS: possibly delisted; no timezone found
$BRIGHTBR.NS: possibly delisted; no timezone found

15 Failed downloads:
['BULKCORP.NS', 'BRAHMINFRA.NS', 'CHAMUNDA.NS', 'CFEL.NS', 'C2C.NS', 'BRACEPORT.NS', 'CHETANA.NS', 'CGVAK.NS', 'CHANDAN.NS', 'BRANDMAN.NS', 'BPLPHARMA.NS', 'CEDAAR.NS', 'CHEMCRUX.NS', 'BOSS.NS', 'BRIGHTBR.NS']: possibly delisted; no timezone found
  600/3468    103s  eta  494s
$CURRENT.NS: possibly delisted; no timezone found
$CLAYCRAFT.NS: possibly delisted; no timezone found
$CUDML.NS: possibly delisted; no timezone found
$CRSL.NS: possibly delisted; no price data found  (1d 2020-01-21 -> 2026-08-17)
$CLASSICEIL.NS: possibly delisted; no timezone found
$CONNPLEX.NS: possibly delisted; no timezone found
$CKKRETAIL.NS: possibly delisted; no timezone found
$CSSL.NS: possibly delisted; no timezone found
$COMPEAU.NS: possibly delisted; no timezone found
$CURIS.NS: possibly delisted; no timezone found
$CRAVATEX.NS: possibly delisted; no timezone found

11 Failed downloads:
['CURRENT.NS', 'CLAYCRAFT.NS', 'CUDML.NS', 'CLASSICEIL.NS', 'CONNPLEX.NS', 'CKKRETAIL.NS', 'CSSL.NS', 'COMPEAU.NS', 'CURIS.NS', 'CRAVATEX.NS']: possibly delisted; no timezone found
['CRSL.NS']: possibly delisted; no price data found  (1d 2020-01-21 -> 2026-08-17)
  700/3468    120s  eta  475s
$DHATRE.NS: possibly delisted; no timezone found
$DANISH.NS: possibly delisted; no timezone found
$DHABRIYA.NS: possibly delisted; no timezone found
$DHANSA.NS: possibly delisted; no timezone found
$DEEP.NS: possibly delisted; no price data found  (1d 2020-01-21 -> 2026-08-17)
$DHARIWAL.NS: possibly delisted; no timezone found
$DHOOTTRANS.NS: possibly delisted; no timezone found
$DHARARAIL.NS: possibly delisted; no timezone found
$DIVYADHAN.NS: possibly delisted; no timezone found
$DELTIC.NS: possibly delisted; no timezone found
$DCCL.NS: possibly delisted; no timezone found
$DIVINEHIRA.NS: possibly delisted; no timezone found
$DECCANTRAN.NS: possibly delisted; no timezone found
$DIRL.NS: possibly delisted; no timezone found

14 Failed downloads:
['DHATRE.NS', 'DANISH.NS', 'DHABRIYA.NS', 'DHANSA.NS', 'DHARIWAL.NS', 'DHOOTTRANS.NS', 'DHARARAIL.NS', 'DIVYADHAN.NS', 'DELTIC.NS', 'DCCL.NS', 'DIVINEHIRA.NS', 'DECCANTRAN.NS', 'DIRL.NS']: possibly delisted; no timezone found
['DEEP.NS']: possibly delisted; no price data found  (1d 2020-01-21 -> 2026-08-17)
  800/3468    138s  eta  459s
$EEPL.NS: possibly delisted; no timezone found
$E2ERAIL.NS: possibly delisted; no timezone found
$DUMMYINXGN.NS: possibly delisted; no timezone found
$ECOLINE.NS: possibly delisted; no timezone found
$ELGNZ.NS: possibly delisted; no timezone found
$DRSCARGO.NS: possibly delisted; no timezone found
$ECORECO.NS: possibly delisted; no timezone found
$EKI.NS: possibly delisted; no timezone found
$DUMMYTRVN.NS: possibly delisted; no timezone found
$EBIX.NS: possibly delisted; no timezone found
$EASTWEST.NS: possibly delisted; no timezone found
$EMPIND.NS: possibly delisted; no timezone found
$EMAPARTNER.NS: possibly delisted; no timezone found

13 Failed downloads:
['EEPL.NS', 'E2ERAIL.NS', 'DUMMYINXGN.NS', 'ECOLINE.NS', 'ELGNZ.NS', 'DRSCARGO.NS', 'ECORECO.NS', 'EKI.NS', 'DUMMYTRVN.NS', 'EBIX.NS', 'EASTWEST.NS', 'EMPIND.NS', 'EMAPARTNER.NS']: possibly delisted; no timezone found
  900/3468    154s  eta  439s
$ESPRIT.NS: possibly delisted; no timezone found
$ENVIRO.NS: possibly delisted; no timezone found
$FLYSBS.NS: possibly delisted; no timezone found
$ENKEIWHEL.NS: possibly delisted; no timezone found
$EXIMROUTES.NS: possibly delisted; no timezone found
$FOCE.NS: possibly delisted; no timezone found
$ENCOMPAS.NS: possibly delisted; no timezone found
$ETL.NS: possibly delisted; no timezone found
$EPWINDIA.NS: possibly delisted; no timezone found
$FINBUD.NS: possibly delisted; no timezone found
$EXCELLENT.NS: possibly delisted; no timezone found
$ETML.NS: possibly delisted; no timezone found

12 Failed downloads:
['ESPRIT.NS', 'ENVIRO.NS', 'FLYSBS.NS', 'ENKEIWHEL.NS', 'EXIMROUTES.NS', 'FOCE.NS', 'ENCOMPAS.NS', 'ETL.NS', 'EPWINDIA.NS', 'FINBUD.NS', 'EXCELLENT.NS', 'ETML.NS']: possibly delisted; no timezone found
  1000/3468    169s  eta  417s
$GANESHIN.NS: possibly delisted; no timezone found
$GANGABATH.NS: possibly delisted; no timezone found
$GAJANAND.NS: possibly delisted; no timezone found
$FWSTC.NS: possibly delisted; no timezone found
$GJL.NS: possibly delisted; no timezone found
$FRESHARA.NS: possibly delisted; no timezone found
$FORGEAUTO.NS: possibly delisted; no timezone found
$GKB.NS: possibly delisted; no price data found  (1d 2020-01-21 -> 2026-08-17)
$GCHOTELS.NS: possibly delisted; no timezone found
$FREDUN.NS: possibly delisted; no timezone found
$FORCAS.NS: possibly delisted; no timezone found
$GENXAI.NS: possibly delisted; no timezone found
$GML.NS: possibly delisted; no timezone found

13 Failed downloads:
['GANESHIN.NS', 'GANGABATH.NS', 'GAJANAND.NS', 'FWSTC.NS', 'GJL.NS', 'FRESHARA.NS', 'FORGEAUTO.NS', 'GCHOTELS.NS', 'FREDUN.NS', 'FORCAS.NS', 'GENXAI.NS', 'GML.NS']: possibly delisted; no timezone found
['GKB.NS']: possibly delisted; no price data found  (1d 2020-01-21 -> 2026-08-17)
  1100/3468    186s  eta  400s
$GREENLEAF.NS: possibly delisted; no timezone found

1 Failed download:
['GREENLEAF.NS']: possibly delisted; no timezone found
  1200/3468    200s  eta  377s
$HAZOOR.NS: possibly delisted; no timezone found
$HBPOR.NS: possibly delisted; no timezone found
$HAMPTON.NS: possibly delisted; no timezone found
$GURUNANAK.NS: possibly delisted; no timezone found
$HINDADH.NS: possibly delisted; no timezone found
$HINDALUMI.NS: possibly delisted; no timezone found
$HAPPY.NS: possibly delisted; no timezone found

7 Failed downloads:
['HAZOOR.NS', 'HBPOR.NS', 'HAMPTON.NS', 'GURUNANAK.NS', 'HINDADH.NS', 'HINDALUMI.NS', 'HAPPY.NS']: possibly delisted; no timezone found
  1300/3468    216s  eta  360s
$HVAX.NS: possibly delisted; no timezone found
$IDEALTECHO.NS: possibly delisted; no timezone found
$ICELCO.NS: possibly delisted; no timezone found
$INDOKEM.NS: possibly delisted; no timezone found
$HPTL.NS: possibly delisted; no timezone found
$IDENTICAL.NS: possibly delisted; no timezone found
$HRYNSHP.NS: possibly delisted; no timezone found

7 Failed downloads:
['HVAX.NS', 'IDEALTECHO.NS', 'ICELCO.NS', 'INDOKEM.NS', 'HPTL.NS', 'IDENTICAL.NS', 'HRYNSHP.NS']: possibly delisted; no timezone found
  1400/3468    233s  eta  344s
$IPRINGLTD.NS: possibly delisted; no price data found  (1d 2020-01-21 -> 2026-08-17)
$IWARE.NS: possibly delisted; no timezone found
$IPHL.NS: possibly delisted; no timezone found
$ISTLTD.NS: possibly delisted; no timezone found
$JAINIK.NS: possibly delisted; no timezone found
$INTEGRITY.NS: possibly delisted; no timezone found
$ITL.NS: possibly delisted; no timezone found
$INVICTA.NS: possibly delisted; no timezone found
$INFLUX.NS: possibly delisted; no timezone found
$INNOMET.NS: possibly delisted; no timezone found
$ITTL.NS: possibly delisted; no timezone found

11 Failed downloads:
['IPRINGLTD.NS']: possibly delisted; no price data found  (1d 2020-01-21 -> 2026-08-17)
['IWARE.NS', 'IPHL.NS', 'ISTLTD.NS', 'JAINIK.NS', 'INTEGRITY.NS', 'ITL.NS', 'INVICTA.NS', 'INFLUX.NS', 'INNOMET.NS', 'ITTL.NS']: possibly delisted; no timezone found
  1500/3468    249s  eta  326s
$KANCOTEA.NS: possibly delisted; no timezone found
$KAYTEX.NS: possibly delisted; no timezone found
$JAYESH.NS: possibly delisted; no timezone found
$JENBURPH.NS: possibly delisted; no timezone found
$JAYBEE.NS: possibly delisted; no timezone found
$KATARIA.NS: possibly delisted; no timezone found
$KAMANWALA.NS: possibly delisted; no timezone found
$JYOTIGLOBL.NS: possibly delisted; no timezone found
$JYOTIRES.NS: possibly delisted; no timezone found
$JEYYAM.NS: possibly delisted; no timezone found
$KALANA.NS: possibly delisted; no timezone found

11 Failed downloads:
['KANCOTEA.NS', 'KAYTEX.NS', 'JAYESH.NS', 'JENBURPH.NS', 'JAYBEE.NS', 'KATARIA.NS', 'KAMANWALA.NS', 'JYOTIGLOBL.NS', 'JYOTIRES.NS', 'JEYYAM.NS', 'KALANA.NS']: possibly delisted; no timezone found
  1600/3468    266s  eta  311s
$KEN.NS: possibly delisted; no timezone found
$LADDERUP.NS: possibly delisted; no timezone found
$KJMCFIN.NS: possibly delisted; no timezone found
$KSE.NS: possibly delisted; no price data found  (1d 2020-01-21 -> 2026-08-17)
$KMCSHIL.NS: possibly delisted; no timezone found
$KKJEWELS.NS: possibly delisted; no timezone found
$KRMAYURVED.NS: possibly delisted; no timezone found

7 Failed downloads:
['KEN.NS', 'LADDERUP.NS', 'KJMCFIN.NS', 'KMCSHIL.NS', 'KKJEWELS.NS', 'KRMAYURVED.NS']: possibly delisted; no timezone found
['KSE.NS']: possibly delisted; no price data found  (1d 2020-01-21 -> 2026-08-17)
  1700/3468    284s  eta  296s
$LAKSHYA.NS: possibly delisted; no timezone found
$LAKSHMIMIL.NS: possibly delisted; no timezone found
$LEENEE.NS: possibly delisted; no timezone found
$LANCER.NS: possibly delisted; no timezone found
$LAMOSAIC.NS: possibly delisted; no timezone found
$LKPSEC.NS: possibly delisted; no timezone found
$LOTUSCHO.NS: possibly delisted; no timezone found
$MACOBSTECH.NS: possibly delisted; no timezone found

8 Failed downloads:
['LAKSHYA.NS', 'LAKSHMIMIL.NS', 'LEENEE.NS', 'LANCER.NS', 'LAMOSAIC.NS', 'LKPSEC.NS', 'LOTUSCHO.NS', 'MACOBSTECH.NS']: possibly delisted; no timezone found
  1800/3468    301s  eta  279s
$MEDISTEP.NS: possibly delisted; no timezone found
$MANBRO.NS: possibly delisted; no timezone found
$MANILAM.NS: possibly delisted; no timezone found
$MAXVOLT.NS: possibly delisted; no timezone found
$MEDICAPQ.NS: possibly delisted; no timezone found
$MAYASHEEL.NS: possibly delisted; no timezone found
$MARUSHIKA.NS: possibly delisted; no timezone found
$MAKERSL.NS: possibly delisted; no timezone found

8 Failed downloads:
['MEDISTEP.NS', 'MANBRO.NS', 'MANILAM.NS', 'MAXVOLT.NS', 'MEDICAPQ.NS', 'MAYASHEEL.NS', 'MARUSHIKA.NS', 'MAKERSL.NS']: possibly delisted; no timezone found
  1900/3468    317s  eta  262s
$MIIL.NS: possibly delisted; no timezone found
$MOBILISE.NS: possibly delisted; no timezone found
$METALIC.NS: possibly delisted; no timezone found
$MIEL.NS: possibly delisted; no timezone found
$MMEL.NS: possibly delisted; no timezone found
$MLKFOOD.NS: possibly delisted; no timezone found
$MKEXIM.NS: possibly delisted; no timezone found
$MOHITE.NS: possibly delisted; no timezone found
$MINALIND.NS: possibly delisted; no timezone found
$MGSL.NS: possibly delisted; no timezone found
$MOLBIO.NS: possibly delisted; no timezone found

11 Failed downloads:
['MIIL.NS', 'MOBILISE.NS', 'METALIC.NS', 'MIEL.NS', 'MMEL.NS', 'MLKFOOD.NS', 'MKEXIM.NS', 'MOHITE.NS', 'MINALIND.NS', 'MGSL.NS', 'MOLBIO.NS']: possibly delisted; no timezone found
  2000/3468    332s  eta  244s
$MUKESHB.NS: possibly delisted; no timezone found
$MRIL.NS: possibly delisted; no timezone found
$NAMOEWASTE.NS: possibly delisted; no timezone found
$MYMUDRA.NS: possibly delisted; no timezone found
$MPDL.NS: possibly delisted; no timezone found
$MYSORPETRO.NS: possibly delisted; no timezone found
$MSL.NS: possibly delisted; no price data found  (1d 2020-01-21 -> 2026-08-17)
$MUNISH.NS: possibly delisted; no timezone found
$MONOLITH.NS: possibly delisted; no timezone found
$MPEL.NS: possibly delisted; no timezone found

10 Failed downloads:
['MUKESHB.NS', 'MRIL.NS', 'NAMOEWASTE.NS', 'MYMUDRA.NS', 'MPDL.NS', 'MYSORPETRO.NS', 'MUNISH.NS', 'MONOLITH.NS', 'MPEL.NS']: possibly delisted; no timezone found
['MSL.NS']: possibly delisted; no price data found  (1d 2020-01-21 -> 2026-08-17)
  2100/3468    349s  eta  227s
$NTCIND.NS: possibly delisted; no timezone found
$NEOCHEM.NS: possibly delisted; no timezone found
$NEELAM.NS: possibly delisted; no timezone found
$NMSTEEL.NS: possibly delisted; no timezone found
$NEPTUNE.NS: possibly delisted; no timezone found
$NICCOPAR.NS: possibly delisted; no timezone found
$NFPSAMPOOR.NS: possibly delisted; no timezone found
$NRVANDANA.NS: possibly delisted; no timezone found
$OBSCP.NS: possibly delisted; no timezone found
$NIKITA.NS: possibly delisted; no timezone found

10 Failed downloads:
['NTCIND.NS', 'NEOCHEM.NS', 'NEELAM.NS', 'NMSTEEL.NS', 'NEPTUNE.NS', 'NICCOPAR.NS', 'NFPSAMPOOR.NS', 'NRVANDANA.NS', 'OBSCP.NS', 'NIKITA.NS']: possibly delisted; no timezone found
  2200/3468    365s  eta  210s
$OPTIFIN.NS: possibly delisted; no timezone found
$ONYX.NS: possibly delisted; no timezone found
$PARTH.NS: possibly delisted; no timezone found
$ONEGLOBAL.NS: possibly delisted; no timezone found
$PARAMATRIX.NS: possibly delisted; no timezone found
$PACIFICI.NS: possibly delisted; no timezone found
$PANORAMA.NS: possibly delisted; no timezone found
$OPTIVALUE.NS: possibly delisted; no timezone found
$PBMPOLY.NS: possibly delisted; no timezone found
$PANCHMAHQ.NS: possibly delisted; no timezone found
$ONIXSOLAR.NS: possibly delisted; no timezone found
$ORIRAIL.NS: possibly delisted; no timezone found
$ODYCORP.NS: possibly delisted; no timezone found
$OPTIMYSTIX.NS: possibly delisted; no timezone found
$OSELDEVICE.NS: possibly delisted; no timezone found
$PARAMPARA.NS: possibly delisted; no timezone found
$PARAMOUNT.NS: possibly delisted; no timezone found
$PARNAXLAB.NS: possibly delisted; no timezone found
$PATILAUTOM.NS: possibly delisted; no timezone found

19 Failed downloads:
['OPTIFIN.NS', 'ONYX.NS', 'PARTH.NS', 'ONEGLOBAL.NS', 'PARAMATRIX.NS', 'PACIFICI.NS', 'PANORAMA.NS', 'OPTIVALUE.NS', 'PBMPOLY.NS', 'PANCHMAHQ.NS', 'ONIXSOLAR.NS', 'ORIRAIL.NS', 'ODYCORP.NS', 'OPTIMYSTIX.NS', 'OSELDEVICE.NS', 'PARAMPARA.NS', 'PARAMOUNT.NS', 'PARNAXLAB.NS', 'PATILAUTOM.NS']: possibly delisted; no timezone found
  2300/3468    383s  eta  194s
$PHOENXINTL.NS: possibly delisted; no timezone found
$PELATRO.NS: possibly delisted; no timezone found
$PHOGLOBAL.NS: possibly delisted; no timezone found
$PRANIK.NS: possibly delisted; no timezone found
$PRIMECAB.NS: possibly delisted; no timezone found
$PERMAGN.NS: possibly delisted; no timezone found
$PPSL.NS: possibly delisted; no timezone found
$PREMIUM.NS: possibly delisted; no timezone found
$POSITRON.NS: possibly delisted; no timezone found
$POEL.NS: possibly delisted; no timezone found
$POLYSPIN.NS: possibly delisted; no timezone found

11 Failed downloads:
['PHOENXINTL.NS', 'PELATRO.NS', 'PHOGLOBAL.NS', 'PRANIK.NS', 'PRIMECAB.NS', 'PERMAGN.NS', 'PPSL.NS', 'PREMIUM.NS', 'POSITRON.NS', 'POEL.NS', 'POLYSPIN.NS']: possibly delisted; no timezone found
  2400/3468    400s  eta  178s
$PROFX.NS: possibly delisted; no timezone found
$PROPSHOP.NS: possibly delisted; no timezone found
$RAPPID.NS: possibly delisted; no timezone found
$RAJPUTANA.NS: possibly delisted; no timezone found
$PUSHPA.NS: possibly delisted; no timezone found
$PRISMX.NS: possibly delisted; no timezone found
$RAPIDFLEET.NS: possibly delisted; no timezone found
$PURPLEUTED.NS: possibly delisted; no timezone found
$PSRAJ.NS: possibly delisted; no timezone found
$QVCEL.NS: possibly delisted; no timezone found
$RAJINDLTD.NS: possibly delisted; no timezone found
$PSFL.NS: possibly delisted; no timezone found
$QLINE.NS: possibly delisted; no timezone found

13 Failed downloads:
['PROFX.NS', 'PROPSHOP.NS', 'RAPPID.NS', 'RAJPUTANA.NS', 'PUSHPA.NS', 'PRISMX.NS', 'RAPIDFLEET.NS', 'PURPLEUTED.NS', 'PSRAJ.NS', 'QVCEL.NS', 'RAJINDLTD.NS', 'PSFL.NS', 'QLINE.NS']: possibly delisted; no timezone found
  2500/3468    415s  eta  161s
$ROYALARC.NS: possibly delisted; no timezone found
$RTL.NS: possibly delisted; no timezone found
$RRECL.NS: possibly delisted; no timezone found
$READYMIX.NS: possibly delisted; no timezone found
$RNPL.NS: possibly delisted; no timezone found
$RICHA.NS: possibly delisted; no timezone found
$RTSPOWR.NS: possibly delisted; no timezone found
$RFBL.NS: possibly delisted; no timezone found
$REXPRO.NS: possibly delisted; no timezone found
$RNFI.NS: possibly delisted; no timezone found

10 Failed downloads:
['ROYALARC.NS', 'RTL.NS', 'RRECL.NS', 'READYMIX.NS', 'RNPL.NS', 'RICHA.NS', 'RTSPOWR.NS', 'RFBL.NS', 'REXPRO.NS', 'RNFI.NS']: possibly delisted; no timezone found
  2600/3468    431s  eta  144s
$SAVY.NS: possibly delisted; no timezone found
$SAMAY.NS: possibly delisted; no timezone found
$SAHASRA.NS: possibly delisted; no timezone found
$SAICAPI.NS: possibly delisted; no timezone found
$SAFEENTP.NS: possibly delisted; no timezone found
$SACHEEROME.NS: possibly delisted; no timezone found
$SATTVAENGG.NS: possibly delisted; no timezone found
$SAMBANDAM.NS: possibly delisted; no price data found  (1d 2020-01-21 -> 2026-08-17)
$SAWALIYA.NS: possibly delisted; no timezone found
$SAYAJIIND.NS: possibly delisted; no timezone found
$SAB.NS: possibly delisted; no timezone found
$SAJHOTELS.NS: possibly delisted; no timezone found
$SATECH.NS: possibly delisted; no timezone found
$SATKARTAR.NS: possibly delisted; no timezone found

14 Failed downloads:
['SAVY.NS', 'SAMAY.NS', 'SAHASRA.NS', 'SAICAPI.NS', 'SAFEENTP.NS', 'SACHEEROME.NS', 'SATTVAENGG.NS', 'SAWALIYA.NS', 'SAYAJIIND.NS', 'SAB.NS', 'SAJHOTELS.NS', 'SATECH.NS', 'SATKARTAR.NS']: possibly delisted; no timezone found
['SAMBANDAM.NS']: possibly delisted; no price data found  (1d 2020-01-21 -> 2026-08-17)
  2700/3468    447s  eta  127s
$SHERVANI.NS: possibly delisted; no timezone found
$SHRADDHA.NS: possibly delisted; no timezone found
$SHILGRAVQ.NS: possibly delisted; no timezone found
$SHKSIL.NS: possibly delisted; no timezone found
$SDREAMS.NS: possibly delisted; no timezone found
$SHIVACEM.NS: possibly delisted; no timezone found
$SGRL.NS: possibly delisted; no timezone found
$SELLOWRAP.NS: possibly delisted; no timezone found
$SGLRES.NS: possibly delisted; no timezone found
$SHREEDHAR.NS: possibly delisted; no timezone found
$SFML.NS: possibly delisted; no timezone found
$SHIVASHRIT.NS: possibly delisted; no timezone found
$SHEEL.NS: possibly delisted; no timezone found
$SHETHJI.NS: possibly delisted; no timezone found
$SHIVAAGRO.NS: possibly delisted; no timezone found
$SEKURITIND.NS: possibly delisted; no timezone found

16 Failed downloads:
['SHERVANI.NS', 'SHRADDHA.NS', 'SHILGRAVQ.NS', 'SHKSIL.NS', 'SDREAMS.NS', 'SHIVACEM.NS', 'SGRL.NS', 'SELLOWRAP.NS', 'SGLRES.NS', 'SHREEDHAR.NS', 'SFML.NS', 'SHIVASHRIT.NS', 'SHEEL.NS', 'SHETHJI.NS', 'SHIVAAGRO.NS', 'SEKURITIND.NS']: possibly delisted; no timezone found
  2800/3468    464s  eta  111s
$SIDDHICOTS.NS: possibly delisted; no timezone found
$SHYAMDHANI.NS: possibly delisted; no timezone found
$SMARTEN.NS: possibly delisted; no timezone found
$SHRIAHIMSA.NS: possibly delisted; no timezone found
$SIMPLXREA.NS: possibly delisted; no timezone found
$SHRIKANHA.NS: possibly delisted; no timezone found
$SIEL.NS: possibly delisted; no price data found  (1d 2020-01-21 -> 2026-08-17)
$SNEHAA.NS: possibly delisted; no timezone found
$SIMCA.NS: possibly delisted; no timezone found
$SOCL.NS: possibly delisted; no timezone found
$SHRJAGP.NS: possibly delisted; no timezone found
$SHUBHSHREE.NS: possibly delisted; no timezone found
$SILKY.NS: possibly delisted; no timezone found

13 Failed downloads:
['SIDDHICOTS.NS', 'SHYAMDHANI.NS', 'SMARTEN.NS', 'SHRIAHIMSA.NS', 'SIMPLXREA.NS', 'SHRIKANHA.NS', 'SNEHAA.NS', 'SIMCA.NS', 'SOCL.NS', 'SHRJAGP.NS', 'SHUBHSHREE.NS', 'SILKY.NS']: possibly delisted; no timezone found
['SIEL.NS']: possibly delisted; no price data found  (1d 2020-01-21 -> 2026-08-17)
  2900/3468    479s  eta   94s
$SPPPOLY.NS: possibly delisted; no timezone found
$SRIKPRIND.NS: possibly delisted; no timezone found
$SUNLITE.NS: possibly delisted; no timezone found
$SUNRAKSHAK.NS: possibly delisted; no timezone found
$SUNLOC.NS: possibly delisted; no timezone found
$SUNTECH.NS: possibly delisted; no timezone found
$SUMEDHA.NS: possibly delisted; no timezone found
$SPELS.NS: possibly delisted; no timezone found
$SUBAHOTELS.NS: possibly delisted; no timezone found
$SPCON.NS: possibly delisted; no timezone found
$STUDIOLSD.NS: possibly delisted; no timezone found
$STRIDERS.NS: possibly delisted; no timezone found
$SPEB.NS: possibly delisted; no timezone found
$SSEGL.NS: possibly delisted; no timezone found
$SUNSHIEL.NS: possibly delisted; no timezone found
$SPUNWEB.NS: possibly delisted; no timezone found
$STLSTRINF.NS: possibly delisted; no timezone found

17 Failed downloads:
['SPPPOLY.NS', 'SRIKPRIND.NS', 'SUNLITE.NS', 'SUNRAKSHAK.NS', 'SUNLOC.NS', 'SUNTECH.NS', 'SUMEDHA.NS', 'SPELS.NS', 'SUBAHOTELS.NS', 'SPCON.NS', 'STUDIOLSD.NS', 'STRIDERS.NS', 'SPEB.NS', 'SSEGL.NS', 'SUNSHIEL.NS', 'SPUNWEB.NS', 'STLSTRINF.NS']: possibly delisted; no timezone found
  3000/3468    497s  eta   78s
$TECHD.NS: possibly delisted; no timezone found
$TECHERA.NS: possibly delisted; no timezone found
$SWISSMLTRY.NS: possibly delisted; no timezone found
$TEAMTECH.NS: possibly delisted; no timezone found
$TANKUP.NS: possibly delisted; no timezone found
$SUPTANERY.NS: possibly delisted; no timezone found
$SWARNSAR.NS: possibly delisted; no timezone found
$SVGLOBAL.NS: possibly delisted; no timezone found
$TANAA.NS: possibly delisted; no timezone found
$TAURIAN.NS: possibly delisted; no timezone found

10 Failed downloads:
['TECHD.NS', 'TECHERA.NS', 'SWISSMLTRY.NS', 'TEAMTECH.NS', 'TANKUP.NS', 'SUPTANERY.NS', 'SWARNSAR.NS', 'SVGLOBAL.NS', 'TANAA.NS', 'TAURIAN.NS']: possibly delisted; no timezone found
  3100/3468    514s  eta   61s
$TROM.NS: possibly delisted; no timezone found
$TERAI.NS: possibly delisted; no timezone found
$TRANSCOR.NS: possibly delisted; no timezone found
$TUTIALKA.NS: possibly delisted; no timezone found
$TRITONV.NS: possibly delisted; no timezone found
$TOYAMSL.NS: possibly delisted; no timezone found
$TGVSL.NS: possibly delisted; no timezone found
$TEJA.NS: possibly delisted; no timezone found
$TSC.NS: possibly delisted; no timezone found
$TEJASCARGO.NS: possibly delisted; no timezone found
$THESL.NS: possibly delisted; no timezone found

11 Failed downloads:
['TROM.NS', 'TERAI.NS', 'TRANSCOR.NS', 'TUTIALKA.NS', 'TRITONV.NS', 'TOYAMSL.NS', 'TGVSL.NS', 'TEJA.NS', 'TSC.NS', 'TEJASCARGO.NS', 'THESL.NS']: possibly delisted; no timezone found
  3200/3468    532s  eta   45s
$VEDAVAAG.NS: possibly delisted; no timezone found
$UTKAL.NS: possibly delisted; no timezone found
$VDEAL.NS: possibly delisted; no timezone found
$UPHOT.NS: possibly delisted; no timezone found
$VADILENT.NS: possibly delisted; no timezone found
$VASUPRADA.NS: possibly delisted; no timezone found
$VALUE360.NS: possibly delisted; no timezone found
$USHAFIN.NS: possibly delisted; no timezone found
$UTSSAV.NS: possibly delisted; no timezone found
$UDAYJEW.NS: possibly delisted; no timezone found
$UNILEX.NS: possibly delisted; no timezone found
$UHTL.NS: possibly delisted; no timezone found

12 Failed downloads:
['VEDAVAAG.NS', 'UTKAL.NS', 'VDEAL.NS', 'UPHOT.NS', 'VADILENT.NS', 'VASUPRADA.NS', 'VALUE360.NS', 'USHAFIN.NS', 'UTSSAV.NS', 'UDAYJEW.NS', 'UNILEX.NS', 'UHTL.NS']: possibly delisted; no timezone found
  3300/3468    549s  eta   28s
$VTMLTD.NS: possibly delisted; no timezone found
$VIGOR.NS: possibly delisted; no timezone found
$VIVOBIOT.NS: possibly delisted; no timezone found
$VICTORYEV.NS: possibly delisted; no timezone found
$VIVIDEL.NS: possibly delisted; no timezone found
$VIRAT.NS: possibly delisted; no timezone found
$VIJSOLX.NS: possibly delisted; no timezone found
$WARDINMOBI.NS: possibly delisted; no timezone found
$VIRTUALG.NS: possibly delisted; no timezone found
$VMOBILE.NS: possibly delisted; no timezone found
$VIESL.NS: possibly delisted; no timezone found
$VGCL.NS: possibly delisted; no timezone found
$WATERBASE.NS: possibly delisted; no timezone found
$VOLERCAR.NS: possibly delisted; no timezone found
$VOITHPAPR.NS: possibly delisted; no timezone found
$VIJAYPD.NS: possibly delisted; no timezone found
$VISDEM.NS: possibly delisted; no timezone found
$VGINFOTECH.NS: possibly delisted; no timezone found
$VLINFRA.NS: possibly delisted; no timezone found

19 Failed downloads:
['VTMLTD.NS', 'VIGOR.NS', 'VIVOBIOT.NS', 'VICTORYEV.NS', 'VIVIDEL.NS', 'VIRAT.NS', 'VIJSOLX.NS', 'WARDINMOBI.NS', 'VIRTUALG.NS', 'VMOBILE.NS', 'VIESL.NS', 'VGCL.NS', 'WATERBASE.NS', 'VOLERCAR.NS', 'VOITHPAPR.NS', 'VIJAYPD.NS', 'VISDEM.NS', 'VGINFOTECH.NS', 'VLINFRA.NS']: possibly delisted; no timezone found
  3400/3468    565s  eta   11s
$WHBRADY.NS: possibly delisted; no timezone found
$YOGI.NS: possibly delisted; no price data found  (1d 2020-01-21 -> 2026-08-17)
$WOL3D.NS: possibly delisted; no timezone found
$YAAP.NS: possibly delisted; no timezone found
$WHITEFORCE.NS: possibly delisted; no timezone found

5 Failed downloads:
['WHBRADY.NS', 'WOL3D.NS', 'YAAP.NS', 'WHITEFORCE.NS']: possibly delisted; no timezone found
['YOGI.NS']: possibly delisted; no price data found  (1d 2020-01-21 -> 2026-08-17)
  3468/3468    577s  eta    0s

[36m==================================================================
== 3. result
==================================================================[0m
  [32mok  [0m 3,065 cached, 403 no data, 0 errors, 578s
       0.167s per symbol (the serialised path was ~0.45s)
       symbols without data written to /opt/breakoutscanner/data_cache/prefetch_no_data.txt
       e.g. AAKAAR, AARADHYA, ABHAPOWER, ACCPL, ACETEC, ACGL, ACTIVEINFR, ADDICTIVE

  [1mNow run the build. It should read cache and finish in a fraction of
  the time — that comparison is the point, so time it:[0m

      time sudo -u breakout /opt/breakoutscanner/.venv/bin/python \
        /opt/breakoutscanner/build_snapshot.py --symbols-file /opt/breakoutscanner/nse_all_equity.txt

  [33mIf it is still slow, the cache is being rejected rather than missing,
  and the min_rows threshold is the next thing to change — not this.[0m
--- building snapshot ---
Nifty Capital Markets: no constituent file found (24 URLs tried)
  [32mok[0m  302 symbols classified as ETFs/funds (data_cache/nse_funds.txt)
  [32mok[0m  209 F&O underlyings (data_cache/nse_fno.txt)

[36m== building snapshot: /opt/breakoutscanner/nse_all_equity.txt ==[0m
  /opt/breakoutscanner/nse_all_equity.txt: 3468 symbols
  skipping 403 symbol(s) prefetch found no data for (it retries them on its next run)
  breakout detector: detect_breakout(df, symbol, timeframe, cfg, mode, vol_mult, lookback, atr_period, atr_mult, direction_filter)
  25/3065      4s  eta  458s
  50/3065      7s  eta  414s
  75/3065     10s  eta  401s
  100/3065     13s  eta  390s
  125/3065     16s  eta  384s
  150/3065     20s  eta  383s
  175/3065     23s  eta  379s
  200/3065     26s  eta  370s
  225/3065     29s  eta  369s
  250/3065     33s  eta  366s
  275/3065     36s  eta  362s
  300/3065     39s  eta  358s
  325/3065     42s  eta  355s
  350/3065     45s  eta  352s
  375/3065     49s  eta  349s
  400/3065     52s  eta  346s
  425/3065     55s  eta  341s
  450/3065     58s  eta  338s
  475/3065     61s  eta  334s
  500/3065     64s  eta  331s
  525/3065     68s  eta  329s
  550/3065     71s  eta  326s
  575/3065     74s  eta  322s
  600/3065     77s  eta  318s
  625/3065     80s  eta  314s
  650/3065     83s  eta  310s
  675/3065     86s  eta  305s
  700/3065     89s  eta  302s
  725/3065     92s  eta  298s
  750/3065     95s  eta  294s
  775/3065     99s  eta  292s
  800/3065    102s  eta  288s
  825/3065    105s  eta  284s
  850/3065    108s  eta  282s
  875/3065    111s  eta  278s
  900/3065    114s  eta  275s
  925/3065    118s  eta  272s
  950/3065    121s  eta  269s
  975/3065    124s  eta  265s
  1000/3065    126s  eta  261s
  1025/3065    129s  eta  257s
  1050/3065    132s  eta  253s
  1075/3065    135s  eta  250s
  1100/3065    138s  eta  247s
  1125/3065    141s  eta  243s
  1150/3065    144s  eta  240s
  1175/3065    148s  eta  237s
  1200/3065    151s  eta  235s
  1225/3065    154s  eta  232s
  1250/3065    158s  eta  229s
  1275/3065    160s  eta  225s
  1300/3065    164s  eta  222s
  1325/3065    166s  eta  219s
  1350/3065    170s  eta  215s
  1375/3065    173s  eta  213s
  1400/3065    177s  eta  210s
  1425/3065    180s  eta  207s
  1450/3065    183s  eta  204s
  1475/3065    186s  eta  201s
  1500/3065    189s  eta  198s
  1525/3065    193s  eta  194s
  1550/3065    196s  eta  192s
  1575/3065    199s  eta  189s
  1600/3065    203s  eta  185s
  1625/3065    206s  eta  182s
  1650/3065    209s  eta  179s
  1675/3065    212s  eta  176s
  1700/3065    215s  eta  172s
  1725/3065    218s  eta  169s
  1750/3065    221s  eta  166s
  1775/3065    223s  eta  162s
  1800/3065    227s  eta  159s
  1825/3065    230s  eta  156s
  1850/3065    233s  eta  153s
  1875/3065    237s  eta  150s
  1900/3065    240s  eta  147s
  1925/3065    243s  eta  144s
  1950/3065    246s  eta  140s
  1975/3065    249s  eta  137s
  2000/3065    252s  eta  134s
  2025/3065    255s  eta  131s
  2050/3065    258s  eta  128s
  2075/3065    261s  eta  125s
  2100/3065    264s  eta  121s
  2125/3065    267s  eta  118s
  2150/3065    270s  eta  115s
  2175/3065    273s  eta  112s
  2200/3065    277s  eta  109s
  2225/3065    280s  eta  106s
  2250/3065    283s  eta  102s
  2275/3065    287s  eta  100s
  2300/3065    291s  eta   97s
  2325/3065    294s  eta   94s
  2350/3065    297s  eta   90s
  2375/3065    301s  eta   87s
  2400/3065    305s  eta   85s
  2425/3065    308s  eta   81s
  2450/3065    312s  eta   78s
  2475/3065    315s  eta   75s
  2500/3065    318s  eta   72s
  2525/3065    321s  eta   69s
  2550/3065    324s  eta   66s
  2575/3065    329s  eta   63s
  2600/3065    332s  eta   59s
  2625/3065    335s  eta   56s
  2650/3065    338s  eta   53s
  2675/3065    341s  eta   50s
  2700/3065    345s  eta   47s
  2725/3065    348s  eta   43s
  2750/3065    351s  eta   40s
  2775/3065    355s  eta   37s
  2800/3065    358s  eta   34s
  2825/3065    361s  eta   31s
  2850/3065    364s  eta   27s
  2875/3065    368s  eta   24s
  2900/3065    371s  eta   21s
  2925/3065    374s  eta   18s
  2950/3065    377s  eta   15s
  2975/3065    381s  eta   12s
  3000/3065    384s  eta    8s
  3025/3065    387s  eta    5s
  3050/3065    390s  eta    2s
  [33mnote[0m  2 symbol(s) did not trade on 2026-08-14 — flagged traded_today = false
  cap bands: Below Microcap 2315, Small 250, Micro 250, Mid 150, Large 100
  [32mok[0m  ranked 2,764 companies; 301 funds carry NULL RS
  [32mok[0m  3065 of 3065 obtainable symbols (100.0% coverage), 0 skipped, 469s
        257 known-unavailable excluded (no data for 3+ runs); raw coverage 100.0% of 3065
        data as of 2026-08-14, 2 symbol(s) behind it
  [33mstale[0m 2 symbol(s) (0%) use prices older than 2026-08-14, oldest 2023-12-29
        Normal for illiquid names: they did not trade, so no bar exists. All are flagged traded_today = false and excluded from 'today' screens by default.
          VISHAL         2023-12-29
          THACKER        2026-08-13
  [32mok[0m  breakouts: 411 total · 267 bullish · 144 bearish
        1D: 132
        1W: 239
        1M: 196
        Compare these against your live scan. They call the
        SAME detect_breakout(), so they should agree exactly.
  [32mok[0m  wrote 3065 rows for 2026-08-16  (6 day(s) of history)
       /opt/breakoutscanner/data_cache/snapshot.duckdb

[36m  predefined scanners against this snapshot:[0m
    Horizontal Resistance             500
    Tight Setup (Daily)               217
    VCP                               500
    RS High Before Price High         104
    Flags & Pennants                  313
    Inside Bar (Daily)                500
    21 EMA Shakeout                    54
    Gap Up (Unfilled)                 500
    Volume Gainers                    500
    Recent IPO Setups                 211
    Minervini Trend Template          500
    ★ Daily Screen — breakout in a strong stock  125

  Open the Screener page in the app to query it interactively.
wrote 3065 rows for 2026-08-16  (100% of 3065 obtainable; 403 known-unavailable of 3468 listed)
=== OK ===
=== finished 2026-08-16T11:48:09+00:00 ===
